lemma;tags
abbedi;NA
abinde;NA
adre;NA
advent;NA
afbede;comet
afbigt;NA
afbræk;NA
afbud;NA
affinde;NA
affældig;fyo
affærdige;NA
afgrund;NA
afgud;NA
afguderi;NA
afgudisk;NA
afgunst;NA
afgaa;"swords;anchor"
afhandle;NA
afhandling;NA
afhude;NA
afjage;NA
afkorte;"wheel;swords"
aflad;rel
aflade;NA
afmagt;comet
afmane;NA
afmægtig;NA
afperse;NA
afside;NA
afsindig;NA
afsked;erh
afskede;NA
afsnitte;NA
afsondre;NA
afspændig;NA
afstille;wheel
afstaa;NA
aftinge;NA
aftræd;NA
agerum;flower
agt;mil
agtbar;NA
agte;NA
agter;søf
agterstand;NA
agtertanke;NA
-agtig;NA
agting;NA
agtning;NA
ajle;NA
ak;NA
akeleje;flower
al;NA
alant;flower
alderdom;NA
aldermand;NA
alene;NA
allerede;NA
alligevel;NA
allike;NA
almisse;rel
alrune;flower
alsted;NA
altid;NA
alting;spr
alun;NA
alvor;psy
alvældig;NA
ambolt;"sme;ana"
amdam;NA
ame;NA
ample;NA
amt;oad
an;"swords;mercury"
andagteligen;NA
andel;scl
andeputte;NA
andrage;comet
andrik;zoo
andvord;NA
ane;fam
anfald;"med;psy"
anfalde;NA
anfare;NA
anfægte;NA
angang;NA
angel;"comet;wheel"
angelegen;NA
angest;NA
angive;NA
angreb;wheel
angribe;NA
angst;NA
angælde;NA
angaa;NA
anhang;NA
anholde;NA
anhær;NA
anke;NA
anker;"anchor;wheel"
anklage;jur
ankomme;trf
ankomst;trf
anlange;NA
anligge;anchor
anlægge;"byg;jur"
anløbe;wheel
anmasse;NA
anmode;NA
anmærke;NA
annamme;NA
anpart;NA
anrette;NA
anrigter;NA
anrøre;NA
anråbe;rel
anraabe;swords
anse;NA
ansige;NA
ansigt;ana
anskrig;kom
anslag;"msk;rad"
anslaa;NA
anstand;jur
anstikke;NA
anstille;NA
anstød;"rel;sex"
anstøde;NA
anstå;NA
anstaa;NA
ansætte;"erh;øko"
ansøge;kom
antal;NA
antaste;NA
antræd;NA
antræde;swords
antvorde;NA
anverper;wheel
anvise;kom
arbejde;"erh;fys;hån"
arge;NA
ark;NA
arkeli;"swords;anchor"
armbrøst;våb
armod;øko
armtøj;NA
aron;NA
art;bio
arvesaat;NA
avnbøg;bot
bagvaske;NA
baj;mercury
bakke;bol
bakkelse;NA
baldre;NA
baldrian;flower
balg;våb
balje;bol
ball;NA
ballast;"tra;psy;jer;søf"
ballaste;anchor
balle;"wheel;mercury"
balstyrig;NA
balstyrisk;NA
bane;"trf;spo;nat;fri;jer"
bange;NA
banner;swords
-bar;NA
barat;NA
barber;frs
barde;zoo
bardus;NA
bare;NA
barfred;NA
bark;NA
barker;NA
barmhjertig;rel
barnefod;NA
barnsten;NA
bars;zoo
barse;NA
bart;NA
bastert;NA
basun;music
bavse;NA
be-;NA
bean;NA
bebinde;NA
bebreve;NA
bebude;kom
bed;NA
bede;zoo
bedrag;NA
bedrage;"kri;sex"
bedragelig;NA
bedre;NA
bedrift;"erh;lan"
bedring;NA
bedrive;"pol;vid"
bedryppe;NA
bedrøve;NA
bedrøvelig;NA
bedrøvelse;NA
bedrøvet;NA
bedække;NA
bedåre;psy
bedaare;NA
befal;NA
befalde;NA
befale;"kom;mil"
befaling;swords
befangen;NA
befatte;NA
befinde;NA
befrede;NA
befri;NA
befrygte;NA
befrynden;NA
befryse;NA
befænge;hel
befæste;swords
befæstige;NA
beg;kem
begabe;NA
bege;NA
begifte;NA
begive;"mercury;anchor"
begrave;NA
begreb;fil
begribe;NA
begribelig;NA
begræde;NA
begynde;erh
begyndelse;NA
begynder;NA
begængelse;NA
begær;psy
begære;jur
begæring;NA
begærlig;NA
begå;kri
begaa;comet
behag;psy
behage;NA
behagelig;mercury
behandle;NA
behjælp;NA
behjælpe;NA
behjælpelig;NA
behold;red
beholde;NA
behov;NA
behude;NA
behugge;wheel
behuse;NA
behytte;NA
behæfte;NA
behægte;NA
behænde;NA
behændig;fyo
behør;NA
behøre;NA
behørig;NA
behørlig;NA
behøve;NA
behøvelig;NA
behøvig;NA
bejage;NA
bejle;comet
bejtel;wheel
bekende;"rel;spi"
bekendelse;NA
bekendt;anchor
bekere;NA
beklaffe;NA
beklage;kom
beklemme;NA
beklemmelse;psy
beklemmende;psy
beklemt;psy
beklæde;NA
beknibe;anchor
bekomme;NA
bekoste;NA
bekostning;NA
bekrybe;NA
bekræfte;"kom;jur;psy"
bekvem;hav
bekvemme;NA
bekvemmelig;NA
bekymmer;comet
bekymre;psy
bekymring;NA
bekyndige;NA
bekøbe;NA
belade;NA
belag;NA
belange;NA
belaste;"øko;fys"
bele;NA
belejlig;NA
belejre;mil
belemre;NA
beleve;NA
beleven;NA
beligge;NA
belob;NA
belove;NA
belykke;NA
belyve;NA
belægge;"swords;anchor"
belære;NA
beløbe;NA
belønne;NA
bemande;anchor
bemantle;NA
bemure;NA
bemægtige;NA
bemøde;NA
bemøje;NA
benove;NA
benægte;NA
benøje;NA
benåde;kri
benaade;NA
beordre;scl
beplante;NA
bepligte;NA
beram;NA
beramme;jur
berede;"kom;psy"
beredt;NA
berende;"swords;comet"
berette;kom
berggesel;NA
berggeselle;NA
beride;NA
berige;øko
beringe;"swords;comet"
berme;swords
bernsten;NA
bertram;flower
berygte;NA
berøm;comet
berømme;NA
berøre;"fyo;psy;kom"
berøve;"kri;psy"
beråbe;kom
beraabe;NA
beraad;NA
beraade;NA
besat;NA
bese;NA
besegle;NA
besejle;søf
besidde;NA
besige;NA
besigtige;NA
besinde;NA
beskadige;mercury
beskaffe;NA
beskaffen;NA
beskanse;NA
beskatte;ska
besked;"kom;edb"
beskeden;NA
beskedenlig;NA
beskide;NA
beskidt;"hyg;kri"
beskikke;"oad;jur"
beskrive;kom
beskudding;NA
beskue;NA
beskyde;våb
beskyt;NA
beskytte;jur
beskænke;nyd
beskære;"øko;bot;fot"
beskærme;NA
beslag;NA
beslutte;NA
beslægtet;music
beslægtiget;NA
beslå;sme
beslaa;anchor
besmitte;"rel;sex"
besnilde;NA
besolde;NA
bespare;NA
bespejde;NA
bespise;gas
bespy;NA
bespænde;swords
bespørge;NA
bestand;NA
bestandig;NA
bestede;comet
bestemme;anchor
bestige;zoo
bestikke;jur
bestille;erh
bestilling;NA
bestolde;NA
bestride;"jur;erh;øko"
bestrikke;NA
bestryge;mil
bestyre;NA
bestaa;NA
besvige;NA
besvime;fyo
besvær;comet
besvære;NA
besværge;rel
besynderlig;NA
besætte;"mil;pol;rel"
besøge;NA
besøle;NA
besørge;zoo
betage;psy
betakke;kom
betale;øko
betegne;"spr;kom"
betids;NA
betinge;med
betragte;NA
betro;NA
betryk;NA
betrykke;NA
betræde;comet
betrænge;NA
betrængt;soc
betuttet;psy
betvinge;NA
betyde;spr
betække;NA
betænke;psy
betænkelig;NA
bevandre;NA
bevant;NA
bevare;"rel;ark"
bevende;comet
bevilge;øko
bevilling;NA
bevise;jur
bevislig;NA
bevæge;psy
bevægelig;NA
bevaagen;NA
bi;anchor
bibel;NA
bifalde;psy
bigat;anchor
bigtpenge;NA
bikke;wheel
bikkel;NA
bil;"wheel;anchor"
billede;spades
billig;"øko;sex"
bindike;NA
bindsel;anchor
bindt;NA
bindøkse;wheel
birk;NA
bislag;ark
bislopperske;NA
bismer;fsk
bismervægt;fsk
bisse;NA
bistand;soc
bister;psy
bisterlig;NA
bistre;NA
bistå;"øko;kom"
bistaa;NA
bit;NA
bitte;mål
bitter;NA
bitterlig;NA
blabre;NA
blank;"opt;fsk;typ;mil"
blege;fish
blegne;"ana;med"
bles;NA
blide;NA
blik;mtl
blikke;"wheel;comet"
blinke;NA
blis;NA
blive;"spr;øko"
blixen;NA
blok;"gel;hån;byg;pap;pol;frm;tek"
blokke;NA
blomme;bot
blot;NA
blotte;swords
blus;anchor
bly;NA
blyant;NA
blyglætte;NA
blæne;med
blænker;mil
blødelse;NA
boble;NA
bodfærdig;rel
bog;bot
bogfinke;zoo
boghvede;bot
bokse;NA
bol;NA
bold;NA
bole;sex
bolle;NA
bolskab;NA
bolt;anchor
bolværk;hvn
bom;"trf;spo;ski"
bommesi;NA
bomolie;NA
bomuld;NA
bone;NA
bopæl;NA
borde;søf
borg;NA
borge;NA
borgeleje;comet
borger;NA
borgerskab;anchor
borgerske;NA
borgmester;"pol;oad"
bort;NA
boulevard;trf
boveri;NA
bovspryd;ski
brad;NA
bradbænk;anchor
brade;NA
bradspid;NA
brage;NA
brak;NA
bram;NA
bras;NA
brase;NA
brasem;NA
brasen;fish
brask;NA
braske;NA
brasse;NA
bregne;flower
bremse;aut
brik;NA
briks;anchor
brille;"wheel;anchor;swords"
bringe;kom
brink;swords
brise;met
brist;NA
brok;med
brokfugl;zoo
brombær;flower
brosme;fish
brovte;kom
brug;NA
bruge;NA
brum;NA
brumle;NA
brumme;spr
brunere;NA
bruse;hav
bry;NA
bryde;NA
bræk;NA
brække;"med;hån"
brækkelig;NA
bræmme;NA
brændevin;drk
brændvin;NA
bræt;"tøm;spi;bol;tea"
brøde;NA
brødsukker;NA
brøstfældig;ark
buddike;bot
bue;NA
bugbid;NA
bugspryd;"comet;anchor"
bugt;geg
bukke;ana
buksbom;flower
bukse;NA
bulder;NA
buldre;NA
bule;fyo
bumester;NA
bundt;"music;swords"
bunke;NA
buntemagere;NA
buntmager;skr
buntmagere;NA
burde;NA
bursk;NA
bursprog;comet
bussemand;hyg
busseskib;comet
bydle;NA
byge;NA
bylt;NA
bynne;NA
byse;NA
bytte;zoo
bægt;NA
bækken;"ana;sun;msk;gel"
bære;"music;anchor;swords"
bærme;"nyd;lan;scl"
bæst;zoo
bæve;NA
bæver;NA
bævergejl;NA
bøddel;NA
bøddele;NA
bødker;NA
bøffel;NA
bøje;"swords;anchor"
bøjert;anchor
bølge;NA
bønhas;NA
bønhase;NA
bør;"tøj;hav"
børlig;NA
bøsse;"våb;sex"
bøssekrudt;NA
bøssesten;NA
bøtte;NA
både;NA
baade;NA
baadsmand;anchor
båke;hvn
baake;anchor
baare;swords
celle;"anchor;wheel"
chartek;NA
daddel;bot
dagting;comet
dagtinge;NA
dale;NA
damas;NA
damask;NA
-dan;NA
danne;pæd
dannekvinde;NA
dannemand;NA
dat;NA
datlig;NA
datum;NA
deger;mercury
dejlig;NA
dejse;anchor
del;"und;tek;mål"
delagtig;NA
dele;"mat;edb"
deromtrent;NA
desligeste;NA
desmer;NA
desmerdyr;zoo
desmerurt;bot
desto;NA
dialesalve;NA
digegreve;NA
digel;kem
digt;NA
digte;lit
dirk;NA
dise;NA
dising;NA
djærv;NA
djævelsk;NA
dobbe;NA
dobbel;NA
dobbelt;"comet;music;swords;anchor"
doble;NA
dog;NA
dogge;anchor
dok;"ski;hvn"
dol;NA
dole;NA
dollar;ban
dolslag;NA
donkraft;hån
drabant;NA
drabelig;NA
drage;"myt;lgg;spo;his;zoo"
drager;"rej;ark"
dragesele;NA
dragt;NA
dranker;NA
dravante;NA
dravantere;NA
dreje;"spr;tel;pom;hån;han"
dressel;NA
driftig;NA
drikfældig;drk
drille;NA
driste;NA
dristelig;NA
dristig;NA
drog;NA
dromedar;NA
drone;"zoo;tek;mil;msk"
dros;NA
drossel;zoo
drost;NA
dru;NA
drue;swords
druebor;wheel
drukkenbolt;drk
drukkenskab;NA
drummer;NA
drunk;NA
dryp;NA
dryppe;NA
dræk;NA
dræksjung;comet
drøve;NA
drøvelig;NA
drøvelse;NA
dudendop;NA
dug;tin
dugge;NA
dugt;søf
dukke;wheel
dumkøn;NA
dumrian;NA
dunder;NA
dundre;NA
dunk;NA
dunst;NA
dup;"swords;anchor;wheel"
durik;NA
dus;spades
dusin;NA
dval;NA
dvaledrik;NA
dvas;NA
dvælg;anchor
dygtig;NA
dyppe;NA
dyrebar;NA
dyrelig;NA
dyring;NA
dyst;NA
dyster;NA
dyvel;hån
dække;NA
dæksel;tek
dæle;NA
dæmpe;fys
dærve;NA
dødike;NA
dødslag;NA
døje;NA
dørk;ski
dørns;NA
dørslag;swords
døse;NA
døsin;NA
døssin;NA
dåb;rel
daaragtig;NA
dåre;NA
daare;NA
dårekiste;med
daarekiste;NA
daarlig;NA
ebbe;NA
ebe;NA
eddike;NA
edsvoren;NA
effen;NA
efterdi;NA
efterdrage;NA
efterhaanden;NA
efterretning;NA
eftersom;NA
ege;NA
egentlig;NA
egt;NA
ejendom;"sam;jur"
ejland;NA
elende;NA
elendig;"fyo;psy"
elfenben;NA
elm;"flower;comet"
embedsmand;NA
ende;"comet;anchor"
endelig;"music;swords"
endesked;NA
endig;NA
endragt;NA
endrægtig;NA
ene;NA
enhjørning;"comet;swords"
enig;NA
enke;NA
enkel;NA
enlig;NA
ens;NA
enspænder;NA
entlangs;NA
entre;anchor
entride;NA
entvige;NA
erbarme;NA
erfare;NA
-eri;NA
erkende;NA
erlægge;NA
ernære;NA
erobre;NA
erstatte;jur
ervise;NA
es;"spi;spo"
eskadre;"anchor;swords"
esping;NA
esse;"comet;s"
etmål;søf
etmaal;anchor
even;anchor
eventyr;NA
eventyre;NA
evert;skb
evig;NA
façon;NA
fadder;rel
fadderskab;NA
fadderske;NA
fade;NA
fading;NA
fagte;comet
faldbom;NA
falk;zoo
falkeleje;NA
falkoner;NA
falkonet;NA
fals;NA
falsk;"kri;nat;msk"
falske;NA
falskelig;NA
falskner;kri
famle;comet
fanden;NA
fane;"msk;pap;edb;mil"
fange;NA
fangen;NA
fangst;fsk
fanke;NA
fant;NA
fare;NA
farebog;NA
farlig;spo
farlighed;NA
farsot;NA
fart;anchor
fartøj;NA
farve;"mal;gas;sam;ana;pol;spi"
farvelade;kun
farver;NA
fastelavn;rel
fatte;swords
feber;NA
fedel;music
fedtegrever;gas
fejde;NA
feje;"hyg;zoo"
fejefyr;NA
fejl;anchor
fejre;NA
fejt;NA
felt;NA
fenin;NA
fenne;NA
fennikel;flower
ferdendel;NA
ferendel;NA
fernis;mal
fernisere;NA
fersk;"mad;nat;psy"
ferske;wheel
fetalje;NA
fetaljebroder;NA
fibel;NA
figen;flower
fikke;NA
fil;hån
file;anchor
filt;tin
fimre;NA
finke;"zoo;gas"
finkeljokum;NA
finker;NA
finne;NA
fiol;msk
fire;hån
firk;spades
fistel;NA
fjas;NA
fjerdendel;NA
fjerendel;NA
fjældfras;NA
fjæs;NA
flab;"zoo;ana;psy"
flage;NA
flagermus;zoo
flagspætte;zoo
flak;gel
flams;NA
flamsk;NA
fled;NA
flid;NA
flint;NA
flintsten;NA
flise;NA
flitter;mercury
flittig;NA
flod;"geg;typ"
flok;NA
floksilke;tin
flomme;ana
florere;NA
flos;NA
flugt;swords
fluks;NA
flunke;NA
flunkende;NA
fly;NA
flygte;NA
flygtig;kem
flæb;NA
flæk;NA
flække;sam
fløj;"pol;spo;ark"
fløjl;tin
fløjte;msk
flaad;comet
fod;"comet;swords"
foder;NA
fodgænger;NA
fodre;anchor
foer;NA
foermand;NA
foerværk;NA
foged;jur
fogedi;NA
fok;anchor
fold;NA
-foldig;comet
for-;NA
foragt;psy
foragte;psy
forandre;anchor
forarbejde;"hån;psy"
forarge;psy
forarme;NA
forbande;NA
forbandt;"byg;mur"
forbarme;NA
forbavse;NA
forbede;NA
forbeding;NA
forbedre;NA
forbeholde;NA
forberge;NA
forbi;NA
forbie;NA
forbinde;NA
forbistre;NA
forbistret;NA
forbitre;NA
forbjude;NA
forblinde;hel
forblive;NA
forblomme;NA
forblommet;NA
forblænde;NA
forbløde;med
forbløffe;NA
forborg;NA
forborgen;NA
forborget;NA
forbrede;NA
forbryde;"kri;jur"
forbrænde;wheel
forbud;NA
forbulne;NA
forbund;pol
forbundt;NA
forbyde;NA
forbygge;anchor
forbytte;NA
fordel;spo
fordelagtig;NA
fordele;NA
fordemme;NA
forderlig;NA
fordrag;NA
fordrage;NA
fordre;spades
fordrikke;NA
fordriste;NA
fordrive;NA
fordrukken;drk
fordæk;anchor
fordækt;"swords;spades"
fordærv;NA
fordærve;bik
fordærvelig;NA
fordøje;med
fordømme;"kom;rel"
fordøve;NA
fore;NA
fore-;NA
foreagte;NA
forebilde;NA
forebringe;NA
forefalde;NA
forefinde;NA
foregaa;NA
forehave;NA
forehavende;NA
forekomme;NA
forelægge;NA
forene;NA
forenige;NA
forerre;NA
forese;NA
forestille;NA
forestaa;NA
foresætte;swords
foretage;NA
forfader;"fam;bio"
forfald;NA
forfalde;"ark;øko"
forfalske;NA
forfang;NA
forfange;NA
forfare;anchor
forfaren;NA
forfatte;lit
forfløjen;psy
forfordele;NA
forfragte;"anchor;mercury"
forfriske;"anchor;swords"
forfule;NA
forfylde;NA
forfægte;NA
forfærde;psy
forfærdelig;NA
forfærdige;NA
forføje;NA
forfølge;swords
forføre;NA
forfaa;NA
forgift;NA
forgifte;NA
forgiftig;NA
forgive;spades
forglemme;NA
forgrebs;NA
forgribe;NA
forgrille;NA
forgylde;mtl
forgylden;NA
forgængelig;NA
forgætte;NA
forgæves;NA
forgøre;NA
forgaa;NA
forhade;NA
forhandle;"kom;han"
forhaste;NA
forhindre;NA
forholde;NA
forhore;NA
forhoved;NA
forhugge;NA
forhverve;NA
forhyre;erh
forhæng;bol
forhærde;NA
forhærge;NA
forhøje;music
forhøjning;NA
forhør;NA
forhøre;NA
forhaabe;NA
forhåne;NA
forhaane;NA
forhånlig;NA
forhaanlig;NA
forjage;NA
forkaste;NA
forkastel;NA
forkere;NA
forkering;NA
forkert;NA
forklage;NA
forklare;NA
forklejne;NA
forklikke;NA
forklæde;NA
forknytte;NA
forkomme;NA
forkommen;NA
forkorte;anchor
forkoste;NA
forkoste sig;NA
forkrybe;NA
forkrænke;NA
forkulde;NA
forkvikke;NA
forkynde;jur
forkøb;mercury
forkøbet;NA
forkøle;hel
forlade;NA
forlag;NA
forlange;NA
forlaste;anchor
forlede;NA
forleden;NA
forlegen;NA
forlene;NA
forlesning;NA
forlette;NA
forlide;NA
forlige;NA
forligge;anchor
forligne;NA
forlis;NA
forlise;anchor
forlisning;NA
forloren;gas
forlov;NA
forlove;NA
forlover;NA
forlust;NA
forlyde;NA
forlyst;NA
forlyste;NA
forlægge;trf
forlænge;mat
forløb;NA
forløbe;NA
forløse;NA
form;"wheel;swords"
formale;NA
formaledide;NA
formane;NA
formaste;NA
formastelig;NA
forme;NA
formedelst;NA
formelde;NA
formene;NA
formere;bio
formidle;kom
formindre;NA
formode;NA
formodentlig;NA
formue;NA
formuenhed;NA
formynder;NA
formynderskab;NA
formyndskab;NA
formyrde;NA
formænge;NA
formærke;NA
formønte;NA
formaa;NA
fornedre;psy
fornedrige;NA
fornem;NA
fornemme;NA
fornemmelig;NA
fornotling;NA
fornuft;psy
fornuftig;NA
fornumstig;NA
forny;NA
fornægte;spades
fornøden;NA
fornøje;psy
forord;NA
fororde;NA
forpagte;erh
forpleje;NA
forpligt;NA
forpligte;jur
forpligtig;NA
forprang;NA
forpustet;NA
forpæling;NA
forram;NA
forraske;NA
forregne;mat
forrente;"ban;dri"
forrest;NA
forrette;NA
forrige;NA
forringe;NA
forrykke;NA
forrædelig;NA
forræder;NA
forraad;NA
forråde;pol
forraade;NA
forraadig;NA
forsage;"spades;swords"
forsamle;NA
forse;anchor
forsegle;NA
forsende;NA
forsidde;NA
forsige;NA
forsigtig;NA
forsigtighed;NA
forsikre;anchor
forskabe;NA
forskaffe;NA
forskammet;NA
forskanse;swords
forskave;NA
forskel;sex
forskelle;NA
forskikke;NA
forskrift;NA
forskrive;NA
forskrække;NA
forskrækkelig;NA
forskud;NA
forskyde;NA
forskylde;jur
forskære;NA
forskåne;NA
forskaane;NA
forslagen;NA
forslide;NA
forslinge;NA
forsluge;NA
forslå;NA
forslaa;anchor
forsmag;NA
forsmelte;wheel
forsmædelig;psy
forsmædelse;psy
forsmægte;NA
forsmaa;NA
forsnilde;NA
forsone;NA
forspan;NA
forspande;NA
forspil;"anchor;spades"
forspilde;NA
forspille;NA
forsplitte;NA
forspore;NA
forsprede;NA
forsprekker;NA
forspøg;NA
forstand;psy
forstandelig;NA
forstander;und
forstandig;NA
forstikke;spades
forstive;NA
forstokke;NA
forstokket;NA
forstrand;NA
forstrække;NA
forstrø;s
forstykke;NA
forstyrre;fys
forstændelig;NA
forstændighed;NA
forstaa;NA
forstaaelse;NA
forsure;NA
forsvage;comet
forsvare;"mil;spo;jur"
forsvige;NA
forsvinde;NA
forsvække;NA
forsværge;NA
forsæt;jur
forsætlig;NA
forsætte;"swords;anchor"
forsøge;NA
forsømme;und
fort;NA
fortan;NA
fortgang;NA
fortgaa;NA
fortinge;NA
fortinne;NA
fortjene;NA
fortjeneste;øko
fortog;NA
fortolke;NA
fortone;anchor
fortoning;anchor
fortove;NA
fortrin;NA
fortro;NA
fortryde;NA
fortrydelig;NA
fortrykke;NA
fortræd;NA
fortrædelig;NA
fortræden;NA
fortræffelig;NA
fortrænge;psy
fortsætte;NA
fortuske;NA
fortusket;NA
fortvivle;NA
fortykke;NA
fortælle;"kom;lit;kun"
fortænke;NA
fortænkelig;NA
fortære;NA
fortøgering;NA
fortøje;anchor
fortørne;NA
fortørnet;psy
fortørre;NA
fortøve;NA
forunde;NA
forundre;NA
forurene;"mij;hyg"
forurette;NA
forvagte;NA
forvandle;NA
forvant;NA
forvantskab;NA
forvar;NA
forvare;psy
forveksle;NA
forvende;NA
forvide;NA
forvilde;"bot;zoo"
forvinde;NA
forvirke;NA
forvirre;NA
forvise;NA
forvisse;NA
forvissere;NA
forvorpen;NA
forvorpenhed;NA
forvoven;NA
forældre;NA
forære;NA
foræring;NA
forår;pol
foraar;NA
foraarsage;NA
fourer;NA
fragt;"anchor;mercury"
fransos;NA
fransøsk;NA
frejdig;NA
fremmed;NA
fremture;NA
fri;fam
fribytter;NA
frier;NA
frihed;"kri;fri;lit"
friherre;NA
frilig;NA
frille;NA
frimodig;NA
frimodiglig;NA
fripostig;NA
frisk;anchor
fritte;zoo
fro;NA
frokost;gas
from;rel
fromesse;rel
fromme;NA
frommelig;NA
fruentimmer;NA
frugt;"bot;gas"
frugtbar;"lan;bio"
frugtsommelig;sex
frygt;comet
frygte;psy
frygtelig;NA
frynse;"tin;oad"
frynt;NA
fryntlig;NA
fryntskab;NA
frøken;und
fraads;NA
frådse;NA
fraadse;NA
fraadsig;NA
fråse;NA
fugt;"met;byg;ana"
fugte;hyg
fugtig;"hyg;byg;met"
fuk;NA
fuldbord;NA
fuldbringe;NA
fuldbyrde;NA
fulddrive;NA
fuldende;NA
fuldkomme;NA
fuldkommelig;NA
fuldkommen;NA
fuldmagt;jur
fuldmægtig;NA
fuldmægtige;NA
fuldstændig;NA
fund;NA
fundere;NA
fundig;NA
funke;NA
fure;anchor
fus;NA
fust;NA
fusthammer;NA
fy;NA
fyldest;NA
fyndig;"spr;psy"
fyr;"hvn;ene"
fyr-;NA
fyraften;erh
fyrbold;NA
fyrbolle;NA
fyrbøder;tek
fyre;"erh;sex"
fyrig;NA
fyrighed;NA
fyrste;NA
fyrstelig;NA
fyrstinde;NA
fyrtøj;NA
fægte;spo
fældig;NA
-fældig;NA
fælg;NA
fængsel;jur
fænnik;NA
færdig;swords
fæstne;NA
fætter;fam
føje;NA
føle;"fyo;spo;psy"
følgagtig;NA
føring;"wheel;anchor"
gabe;NA
gaber;NA
gadder;NA
gaffel;"mad;geg;ski"
galej;skb
galgant;NA
galle;bot
galm;NA
galme;NA
gandes;NA
ganes;NA
gangevogn;NA
gangvogn;NA
ganne;NA
ganning;NA
ganske;NA
garn;NA
gav;NA
gave;NA
ge-;NA
gebyr;mercury
gebærd;NA
gederams;bot
gedulde;NA
gefal;NA
gefald;NA
gehør;NA
gejstlig;rel
geled;mil
gelede;NA
gelegenhed;NA
gelejde;NA
gelejdsmand;NA
gelik;NA
gemak;NA
gemen;NA
gemenlig;NA
gemyse;gas
gendrive;NA
genegen;NA
gennemtrappet;NA
gerrig;NA
gerrighed;NA
geryst;NA
geraad;NA
geråde;NA
geraade;NA
gesel;NA
gesellestik;NA
geselstik;NA
gesind;NA
gesinde;NA
gesindeken;NA
geskæft;NA
geskænk;NA
gesvindig;NA
gesvindt;s
getagen;NA
getogen;NA
getov;NA
gevaltig;NA
gevind;NA
gevær;NA
gie;hån
gifttyde;bot
gige;msk
gigt;med
gisel;NA
gisle;NA
gisse;anchor
give;"anchor;music"
gjordel;NA
glas;"gla;bol;søf;mål"
glat;NA
glavind;NA
glib;NA
glide;NA
glinse;NA
glise;NA
glube;NA
glubsk;NA
glut;NA
glætte;NA
gnide;NA
gnægge;NA
god;"music;plus;spades;anchor;mercury;flower"
gold;NA
gorgle;NA
grabbe;NA
granske;NA
grassat;NA
grel;NA
greve;kon
grever;NA
grib;zoo
gridsk;NA
grimmende;NA
grimmenis;NA
grindel;NA
gritte;NA
groffenbrad;NA
grotfyrste;NA
grov;"psy;mad;tin;ana"
grove;NA
grovelig;NA
grovgrøn;NA
grube;"swords;wheel"
grue;comet
gruelig;NA
grunde;NA
grundelig;NA
grus;gel
grusk;NA
grusom;NA
grut;NA
grutte;lan
græker;NA
grænse;"oad;geg"
græse;NA
græselig;NA
græsenke;NA
græsk;flower
græskar;bot
græsselig;NA
græsspire;NA
grævling;zoo
grøde;NA
grøft;NA
grønirisk;zoo
grønsvær;NA
gudfrygtig;NA
gudsforgætten;NA
gudshus;NA
guldværk;NA
gunst;NA
gunstig;NA
gurgle;"hyg;aku;drk"
gusten;NA
gylden;NA
gylle;lan
gynter;NA
gæk;flower
gække;NA
gækkelig;comet
gækkeri;NA
gælde;NA
-gænger;NA
gængs;NA
gær;NA
gæstehus;NA
gæv;NA
gøgelspil;NA
gøgl;kul
gøgle;NA
gøgler;bird
gøre;"anchor;spades;comet;mercury;swords"
gørtle;NA
gaa;"anchor;comet;swords;spades;mercury"
gaaseørn;bird
hadig;NA
hadsk;NA
-haftig;NA
hage;NA
hagebøsse;NA
hakke;anchor
hakkebræt;anchor
hakkelse;NA
hale;NA
halle;NA
halsstarrig;NA
halvere;mat
hamme;NA
hamp;flower
handel;mercury
handelig;NA
handig;anchor
handle;mercury
handling;NA
handske;NA
hank;NA
hanrej;spades
hans;NA
hansa;NA
harnisk;våb
harnisket;NA
harpiks;NA
harpix;NA
harrild;flower
harsk;NA
hartkorn;NA
harts;NA
has;NA
hase;NA
hast;NA
haste;NA
hastelig;NA
hastig;NA
hastmodig;NA
hattestafferer;NA
hav;NA
have;NA
havelværk;NA
havn;anchor
-hed;NA
hedensk;NA
hedevig;NA
heftelig;NA
heftig;NA
heggel;NA
hegle;lan
hekkenfeldt;NA
helgeland;NA
heligland;NA
helled;NA
hellegat;anchor
hellighed;NA
helsfyr;NA
helt;kun
hemme;NA
hemmelig;anchor
hemmelighed;NA
hen;NA
henbringe;NA
henfart;NA
henlægge;NA
henstille;NA
herberg;NA
herberge;NA
herd;wheel
herkomst;NA
herlig;rel
herlighed;NA
hermelin;NA
herold;his
herre;"spades;mercury"
hersk;NA
herskab;NA
herske;NA
hertug;kon
hidse;psy
hidsehund;NA
hie;NA
hige;NA
hilde;wheel
hille;NA
himle;NA
himmelstreg;NA
hind;NA
hinder;NA
hinderhold;NA
hindre;NA
hingst;zoo
hinke;NA
hinter;NA
hip;NA
hippokras;NA
hirse;flower
hjald;NA
hjalte;NA
hjemsøge;NA
hjerteslag;NA
hjælmetegn;NA
hjælper;NA
hob;NA
hobe;NA
hof;kon
hoffart;NA
hoffourer;kon
hoffærd;NA
hoffærdig;NA
hoffærdighed;NA
hoflig;NA
hofte;ana
hokke;NA
hold;NA
holde;"comet;anchor;wheel;swords"
holk;anchor
holster;NA
homej;swords
horde;swords
hore;spades
horensøn;NA
horesøn;NA
hospital;NA
hov;NA
hovedkulds;NA
hovedskib;NA
hovedstol;øko
hovere;NA
hovmand;NA
hovmester;"søf;fam"
hovmod;psy
hovmode;comet
hovmodig;NA
httefad;NA
huge;NA
huj;NA
huk;anchor
huld;NA
hulde;NA
hulsten;NA
hulurt;flower
humpel;anchor
hundestejle;fish
hungertitte;NA
hungrig;NA
hurtig;NA
husarm;NA
husbjælke;NA
husblas;NA
husere;NA
husfrue;NA
husgesinde;NA
husk;NA
hutle;NA
hvalrav;NA
hvalspæk;NA
hverdag;NA
hvergarn;NA
hverv;NA
hverve;NA
hvid;møn
hvidesøndag;NA
hvidte;byt
hvilling;fish
hvis;NA
hvordan;NA
hydefad;NA
hykle;NA
hylde;NA
hyle;NA
hylle;NA
hyllike;NA
hylster;"swords;anchor"
hyppe;lan
hyppig;NA
hyre;søf
hyrling;NA
hysing;NA
hysken;NA
hyssing;hån
hyttefad;fsk
hæfte;"wheel;mercury"
hæg;NA
hæge;NA
hægte;spo
hælde;NA
hælding;NA
hæle;jur
hælvt;NA
hængsel;NA
hærdig;NA
hærpe;NA
hæs;NA
hæve;NA
høfde;hvn
høflig;mercury
højde;"anchor;swords"
højlig;NA
højtid;NA
høker;han
hønnike;NA
høns;"comet;spades"
hønse;anchor
høre;NA
hørig;NA
hørsom;NA
hørsvinger;NA
høvding;NA
høve;NA
høved;lan
høvedsmand;NA
høvisk;NA
høvl;tøm
høvle;"vær;mad;tøm"
haab;NA
haabe;NA
hån;spr
haan;NA
haand;"music;wheel;flower;anchor;mercury"
haandfast;NA
haandfæstning;NA
håndhæve;jur
haandhæve;NA
haandklove;NA
haandlanger;swords
håndtere;NA
haandtere;anchor
haanhed;NA
haard;"anchor;music"
haardnakket;NA
i;NA
idel;NA
igle;flower
igt;NA
ih;NA
il;NA
ilder;zoo
ile;NA
ilig;NA
imidlertid;NA
indbilde;NA
indbildning;NA
indbildsk;NA
indblæse;NA
indbringe;swords
inddrift;NA
inddrive;NA
-inde;zoo
indeholde;NA
inderlig;NA
inderste;NA
indforlive;NA
indgetogen;NA
indhold;"fil;psy;bog"
indholt;anchor
indkomst;"øko;ska"
indlade;NA
indlager;NA
indlede;NA
indlive;NA
indlægge;"wheel;anchor;comet"
indløse;"mercury;comet"
indmane;NA
indpas;NA
indprente;NA
indrumme;NA
indsige;NA
indsigelse;NA
indslaa;swords
indstyrte;NA
indstændig;NA
indtog;NA
indtrang;NA
indtræde;NA
indtrække;wheel
indvendig;NA
indvirke;NA
indvise;NA
indvortes;NA
indvælde;NA
indvaaner;NA
ingefær;flower
irisk;bird
irre;NA
isben;NA
ise;anchor
isen-;NA
isenkram;"han;ele;våb"
isige;NA
isop;flower
ister;NA
iver;psy
ivre;psy
ivrig;psy
jabroder;NA
jage;"zoo;jag"
jagt;jag
jagte;NA
jaherre;NA
jakke;tøj
jammer;comet
jammerdal;NA
jammerlig;NA
jamre;NA
jan;"anchor;bird;spades"
jennik;NA
jo;NA
jodut;NA
jolle;anchor
jomfru;"sex;asl;bot;erh;mad"
jorde;NA
jordrøg;flower
junge;NA
jungelin;NA
junker;his
juvelér;NA
jæger;"jag;etn;mil"
jægt;NA
jærnurt;NA
jøde;NA
jøkel;NA
kabe;anchor
kabel;"anchor;wheel"
kabeltegn;anchor
kabys;ski
kag;NA
kagle;NA
kahyt;anchor
kakke;NA
kakkel;ark
kalde;spades
kalent;NA
kalk;NA
kalkun;zoo
kalkunsk;NA
kallun;NA
kalvedans;NA
kammerdug;NA
kamp;"mil;spo;erh"
kane;NA
kanel;NA
kanin;"zoo;spo"
kans;NA
kant;anchor
kanut;NA
kape;NA
kapel;NA
kappe;"swords;anchor"
kapperøllike;NA
kaprun;NA
kapun;NA
kapune;NA
kapunere;NA
karavel;anchor
karde;wheel
kardus;swords
karnap;NA
karpe;zoo
karre;swords
karrig;psy
karse;"bot;mad"
karsk;NA
karte;håa
kartove;NA
karusse;zoo
karve;NA
kastel;swords
kat;"spades;swords;wheel;anchor"
kavent;NA
kavl;NA
kedelhat;NA
kegel;NA
kegle;"mat;trf;spi;typ"
kejle;NA
kejse;NA
kejser;fish
kel;NA
kende;NA
kermesse;NA
kerne;NA
kersej;NA
kerte;NA
ketsjer;NA
kige;NA
kigge;NA
kighoste;NA
kikkert;NA
kile;"hån;tøj"
kim;"bot;bio"
kiming;søf
kimme;NA
kimmer;NA
kin;NA
kindbakke;zoo
kinke;NA
kip;byt
kipe;NA
kippe;mad
kipper;NA
kirsebær;bot
kirsej;NA
kiste;"mercury;anchor"
kits;NA
kiv;NA
kivagtig;NA
kive;comet
kives;kom
klage;NA
klakke;NA
klam;nat
klamme;"spr;tek"
klang;NA
klank;NA
klap;ana
klapholt;NA
klappe;"anchor;spades"
klappebænk;NA
klar;"opt;kom"
klaret;NA
klarlig;NA
klat;"zoo;spo"
klatre;bot
klatte;NA
klaus;bird
klave;NA
klavre;NA
klejn;comet
klejne;NA
klejnsmed;sme
klemme;NA
klenodie;NA
kleppert;NA
kleresi;NA
klerk;NA
klid;gas
klik;NA
klimme;NA
klinge;"aku;msk;spr"
klinke;byg
klint;gel
klippe;gel
klipping;NA
klister;NA
klistre;NA
klo;"wheel;anchor;flower"
klod;anchor
klode;"ast;ana"
klods;NA
klog;NA
klogelig;NA
kloghed;NA
klokke;flower
klokkeknevl;NA
klokker;NA
klokkespise;NA
klokkestund;NA
kloppe;wheel
kloster;NA
klov;NA
klovert;NA
kludre;NA
klukke;NA
klump;NA
klus;NA
klyne;NA
klys;anchor
klyver;anchor
klæbber;NA
klæbe;NA
klæde;anchor
klække;NA
kløft;"gel;ana"
kløgtig;NA
kløver;bot
knabe;NA
kneb;NA
knebel;sme
knede;NA
kneje;NA
knevel;NA
knibe;NA
knibsk;NA
knibtang;wheel
kniple;håa
knipling;NA
knippel;"pot;våb"
knirske;NA
knistre;NA
kniv;"spades;wheel"
knob;"søf;mål"
knoge;NA
knogle;ana
knogleknokkel;NA
knop;NA
knot;NA
knytte;NA
knægt;spi
knæk;NA
knæle;swords
knæler;NA
knæling;NA
kobbel;music
kobber;anchor
kobberrøg;NA
koble;"tek;ele;fam;fri;tra"
kodde;NA
kode;NA
koffardi;søf
kofilnagle;anchor
kog;NA
koge;NA
kogge;skb
kogger;"anchor;swords"
kogle;NA
kogler;NA
kok;NA
kol;NA
kolbe;"swords;anchor;wheel"
kolde;NA
koldskaal;NA
kolhætte;NA
kolv;swords
komme;NA
kommen;flower
kompan;NA
komst;NA
konfiture;mercury
kontrafeje;NA
kop;"bol;mur"
koppe;NA
korde;NA
kordel;anchor
korduan;NA
korn;swords
kors;comet
kort;"mat;tøj;kom"
korte;anchor
kortelig;NA
kortvil;NA
kost;NA
kostbar;NA
koste;NA
kostelig;NA
kove;NA
kovs;NA
kovsken;NA
krabbe;anchor
krable;NA
kradse;mercury
kraftig;NA
kraftkirke;NA
krage;NA
kragejolle;skb
krakel;NA
krakmandel;NA
kram;NA
krammeri;NA
kramp;NA
krampe;med
kran;"tek;sun"
krank;NA
krankelig;NA
krans;bot
krave;tøj
kravel;anchor
kreds;NA
kreje;NA
krejert;NA
kride;NA
kridt;"gel;und;øko"
kridte;NA
krig;"mil;spi;rel;pol"
krige;NA
kring;NA
kriske;NA
kristen;NA
kro;gas
kroer;NA
kroerske;NA
krofader;NA
krone;"ban;øko;kon;bot;tan;ska"
kronne;NA
krop;wheel
krud;NA
krudt;"våb;mil"
krukke;bol
krum;"fys;ana"
krumhalset;NA
krumholt;ski
krumkage;NA
krumme;bag
krus;"bol;drk"
krusbær;NA
kruse;frs
krusemynte;flower
krutte;NA
krybbe;lan
krybe;spades
krydde;NA
krydder;"bag;ana;tek"
krydderbrød;NA
krydderi;gas
kryde;NA
kryds;"music;plus;swords;anchor"
krydse;"anchor;wheel;mercury"
krydsurt;NA
krykke;"wheel;swords;anchor"
krympe;wheel
kræft;med
kræftig;NA
kræge;bot
kræmmer;han
kræmmerhus;anchor
kræmmeri;NA
krænke;"psy;sex;jur"
krøbel;NA
krøgle;NA
krøje;NA
krølle;"ana;spo"
krønike;NA
krøs;NA
krøse;NA
kraas;NA
kråse;zoo
kube;lan
kuf;skb
kulde;NA
kule;lan
kulegraver;NA
kuller;NA
kulret;NA
kumme;NA
kummer;psy
kummerlig;øko
kumpan;NA
kund;NA
kundskab;NA
kundskabe;NA
kundskaber;NA
kunst;"kun;vid"
kunstelig;NA
kunster;NA
kunstig;NA
kunstner;"kun;kul"
kur;NA
kure;NA
kuretaarn;NA
kurv;"fri;han;bot;spo"
kuvert;NA
kvabbe;"fish;anchor"
kvakke;NA
kvale;NA
kvalm;kom
kvalster;NA
kvansvis;NA
kvant;NA
kvarter;"anchor;swords"
kvase;NA
kvast;NA
kvater;NA
kvemmelig;NA
kvik;NA
kvikstjært;bird
kviksølv;NA
kvinkelere;NA
kvint;NA
kvintin;NA
kvit;comet
kvitte;NA
kvittebrev;NA
kvittere;fyo
kvoppe;NA
kvæde;bot
kvæg;NA
kvæge;NA
kvær;comet
kværk;anchor
kvæste;"med;psy"
kymig;NA
kyndig;NA
kyrbis;NA
kyse;NA
kysk;sex
kyssel;NA
kyssen;NA
kytte;NA
kæbe;"ana;hån"
kæde;"han;kem;dan;spo;håa"
kæk;NA
kælderhals;flower
kæmler;NA
kæmner;oad
kæmpe;NA
kæmper;NA
kærve;NA
kætter;rel
kævle;NA
københavn;flower
købing;NA
købmandskab;spades
købslag;NA
købslaa;NA
købstad;NA
køgemester;NA
køje;anchor
køkerske;NA
køkken;NA
køkkenmester;NA
køl;anchor
kølnsk;NA
køn;NA
kønrøg;hån
køre;NA
kørsener;NA
kørvel;bot
køter;NA
kaa;bird
kaad;NA
kaadner;NA
kaar;NA
kårde;NA
kaarde;NA
kaare;NA
kaas;anchor
labe;NA
lade;NA
lage;NA
lagen;NA
lager;wheel
lak;NA
lakhed;NA
lakrids;flower
laktuk;flower
lampe;"bol;tek"
land;"quad;anchor"
landfaring;NA
landløbere;NA
landskab;NA
landsaat;NA
langagt;NA
langagtig;NA
lange;soc
langhilde;NA
langs;NA
langsom;fot
langsommelig;NA
langvarig;NA
langvogn;NA
lappe;NA
lapperi;NA
laps;NA
las;NA
last;"tra;ski"
laste;anchor
lasttold;NA
latte;anchor
lav;anchor
lave;NA
lavere;"anchor;mercury;spades"
le;NA
led;"comet;anchor"
ledehund;NA
ledig;NA
leding;NA
ledsage;mercury
ledsager;NA
leg;NA
legeme;NA
legenhed;NA
lejd;NA
lejde;NA
lejdebrev;anchor
lejder;anchor
leje;NA
lejle;NA
lejlig;NA
lejlighed;bol
lejr;NA
lejre;NA
lektie;NA
lemmike;flower
lempe;NA
lempelig;NA
len;"his;sam"
lening;NA
lente;NA
letfærdig;NA
lette;"fys;nat;kri;met;zoo;hel"
lev;NA
levere;"mercury;swords"
levre;NA
li;NA
lide;NA
lidelig;NA
lidkøb;NA
liflig;NA
lig;anchor
lige;NA
ligedeler;NA
ligervis;NA
ligevel;NA
ligne;NA
lignelse;NA
ligtorn;NA
likke;NA
likker;NA
limstang;NA
linde;NA
linned;NA
lire;fish
lirekasse;msk
lispe;NA
lispund;mål
liste;NA
livagtig;NA
livgeding;NA
livsalig;NA
lo;NA
lod;"comet;swords;anchor"
lodde;anchor
lodsmand;fish
loft;NA
lorje;anchor
lort;NA
los;zoo
lose;NA
losse;anchor
lov;NA
love;NA
loven;NA
lubbe;fish
luder;swords
luft;"met;ana;kem;rad;fly"
luge;hav
lugt;kem
lulle;NA
lune;NA
lunge;NA
lunstikke;NA
lunte;kem
lure;NA
luske;NA
lut;msk
lutre;"mtl;psy"
lutter;NA
luv;anchor
lybsk;mercury
lyd;NA
lyd-;NA
lyde;anchor
lydelig;NA
lydt;NA
lygte;"trf;tea"
lykke;flower
lykkehjul;NA
lykkelig;NA
lykkes;NA
lyksalig;NA
lyksalighed;NA
lyksom;NA
lyske;NA
lystelig;NA
lystig;NA
lystre;NA
lædike;NA
læg;NA
lægge;"wheel;anchor;spades;swords"
lægmand;NA
lægte;tøm
lække;NA
lækker;"mad;fys;sex;hyg"
længde;anchor
længe;anchor
lære;NA
lærke;bird
læske;"drk;hån"
læst;NA
løb;NA
løbsk;NA
lødig;swords
løffel;NA
løfte;NA
løgner;NA
løj;anchor
løje;met
løjert;NA
løn;flower
løsen;swords
løsgængere;NA
løve;spades
laadring;NA
laas;"swords;wheel;anchor"
maddike;NA
mag;NA
mage;NA
magelig;NA
mager;NA
-mager;NA
magre;NA
magt;pol
male;"kun;hyg"
maledide;NA
malle;zoo
malte;NA
man;NA
mandbar;NA
mandel;"bot;med"
mandskab;"swords;anchor"
mandslag;NA
mane;rel
mang;NA
mangelhaftig;NA
manggods;NA
mangkorn;NA
mangle;NA
manglebræt;bol
mansat;NA
manse;NA
marekat;zoo
mareminde;NA
mark;currency
marked;mercury
markgreve;NA
marsk;gel
marskal;mil
marskalk;swords
marstald;NA
marter;NA
marterpæl;his
martre;NA
mase;NA
mask;NA
maskepi;NA
mast;"ski;ele"
mat;"søf;mil"
materi;NA
materie;NA
matjessild;NA
medbroder;NA
medgift;NA
medister;mad
medisterpølse;mad
medlidenhed;NA
meje;lan
mejer;zoo
mejerske;NA
mejse;bird
melde;"kom;spi;kri"
melding;spades
men;spr
mene;NA
menig;sam
mening;mercury
menneske;NA
mere;NA
messe;NA
messing;music
mestepart;NA
mester;anchor
mestermand;NA
mesterskab;NA
middel;øko
middel-;NA
middelmådig;NA
middelmaadig;NA
mide;NA
midle;NA
midler;NA
midnat;NA
midtvejs;NA
mige;NA
mildelig;NA
mile;NA
minde;NA
mindelig;NA
mink;NA
misdæder;kri
misdædisk;NA
mishag;NA
mishage;NA
mishagelig;NA
mishandle;NA
misprise;NA
missemav;NA
mitte;zoo
mod;NA
mode;NA
modefarve;NA
moderløs;"fish;flower"
modvillig;NA
moksen;NA
mor;NA
morads;NA
morbær;flower
morderi;NA
morgen;NA
morgendag;NA
morgengave;NA
morian;NA
morrod;flower
morsel;NA
morter;NA
mortér;swords
mos;gas
moskjen;NA
moskølle;anchor
most;NA
mudder;NA
mug;NA
muk;NA
muldvarp;NA
mulig;NA
mumle;NA
mumme;NA
mundlæder;ana
mundskænk;NA
mundtlig;"spr;und"
munk;"bird;swords;flower"
munke;NA
munkle;NA
murermester;NA
murmle;NA
murrisk;NA
musling;"zoo;gas"
mussel;NA
myndig;jur
mynster;NA
mynte;flower
myre;NA
mysike;flower
mytse;anchor
mytteri;søf
mæfik;bird
mæfikke;NA
mægle;sam
mægler;"anchor;wheel"
mægte;NA
mægtelig;NA
mægtig;NA
mægtige;NA
mælde;bot
mælkemund;NA
-mælket;NA
mænge;scl
mærke;"anchor;mercury"
mærling;anchor
mærs;anchor
mæsk;NA
mæske;NA
mæslinger;NA
møde;NA
mødig;NA
mødrene;NA
møgert;NA
møje;NA
møjelig;NA
mølle;spades
møller;bird
mønje;mal
mønster;håa
mønsterplads;swords
mønstre;"swords;anchor"
mønstring;"swords;anchor"
mønt;ban
mønter;NA
mørser;swords
måde;"spr;kom"
maade;NA
mådelig;und
maadelig;NA
måg;NA
måltid;"etn;mad"
maaltid;NA
maanesyg;NA
maanesaa;NA
måske;NA
maaske;NA
maatte;NA
naboerske;NA
nabolig;NA
nagelfast;NA
nagletog;NA
nakke;"wheel;music;anchor"
nam;NA
nar;NA
naragtig;NA
narre;NA
narv;tin
natelrem;NA
nathus;NA
natskade;flower
nattergal;zoo
naturlig;NA
nav;NA
navleorm;NA
navne;comet
navnkundig;NA
navnlig;NA
nederst;NA
nedrig;NA
nedslæbe;NA
negenøje;"fish;comet"
nellike;"bot;gas"
nemlig;NA
nest;NA
neste;NA
nette;NA
ni;NA
nid;psy
nide;NA
nidkær;NA
nikke;spo
nitte;wheel
niøje;zoo
nobel;NA
nobiskro;NA
nok;NA
noksom;NA
non;NA
noppe;NA
norden;NA
norsk;anchor
nu;NA
nydelig;NA
nyk;NA
nykke;NA
nylig;NA
nymære;NA
nyre;NA
nys;NA
nytte;NA
nyttelig;NA
nyttig;NA
nytaar;NA
næb;anchor
nære;wheel
nærig;NA
næring;NA
næs;NA
næse;"anchor;wheel;swords;fish"
næsedug;NA
næsvis;psy
nævn;NA
nød;"wheel;swords;anchor"
nøde;NA
nødhjælper;NA
nødig;NA
nødsage;NA
nødstald;NA
nødtrængende;NA
nødtørft;zoo
nødtørftig;NA
nødværge;NA
nøgtern;NA
nøjagtig;NA
nøje;NA
nøjsom;NA
nåd;ski
naade;NA
naadler;NA
naar;NA
od;NA
offer;NA
offerpenge;NA
ofre;rel
ogne;NA
ok;NA
ol;NA
old;NA
oldefader;NA
oldefar;fam
oldemoder;NA
oldentorre;NA
oldermand;NA
oldes;NA
oldfrue;NA
oldgesel;NA
olding;flower
olie;NA
oliebrødkage;NA
om;NA
ombære;NA
omfange;NA
omflottig;NA
omkomme;NA
omme;NA
omsigtig;NA
omskue;NA
omsonst;NA
omstændighed;NA
omtrent;NA
onsdag;NA
opbyde;NA
opdugge;NA
opgribe;NA
ophæve;swords
ophæver;NA
ophøre;NA
opklappe;NA
opklare;anchor
opklemme;NA
opklimme;NA
opkomme;NA
opkomst;NA
opløb;anchor
opmudse;NA
oppebære;NA
opper;anchor
oprigtig;NA
oprippe;NA
opru;wheel
oprydde;NA
oprømme;"mercury;wheel"
oprømmer;wheel
oprør;NA
oprørsk;NA
opsat;NA
opsidde;NA
opsidder;NA
opsige;mercury
opsigt;NA
opskibe;NA
opskrive;mercury
opskørte;NA
opslaa;"spades;anchor"
opstander;anchor
opstudsig;NA
opsætsig;NA
opsætte;anchor
optog;swords
opvarte;NA
opæske;NA
ordele;NA
orden;"hyg;bio;rel;okk;sam"
ordere;NA
ordne;NA
ordning;NA
ordre;NA
ore;NA
organist;bird
orgel;swords
orgelist;NA
orlog;mil
orlogger;NA
orlov;swords
orlove;NA
ort;NA
os;NA
ost;anchor
ostersk;NA
over;anchor
overalt;anchor
overantvorde;NA
overbevise;NA
overblive;NA
overbuldre;NA
overbødig;NA
overdigte;NA
overdrage;NA
overdaad;NA
overdådig;NA
overdaadig;NA
overdaadighed;NA
overens;NA
overfald;NA
overflod;mål
overflødelig;NA
overflødig;NA
overgiven;NA
overhale;anchor
overhaling;trf
overherre;NA
overhændig;NA
overhæng;anchor
overhøre;NA
overhørig;NA
overhånd;spo
overhaand;NA
overile;NA
overlandisk;NA
overlang;anchor
overlast;anchor
overlegen;psy
overlevere;swords
overligge;mercury
overliggende;anchor
overlydt;comet
overlægge;NA
overløb;anchor
overmand;"comet;swords"
overmod;NA
overmåde;NA
overmaade;NA
overmaadig;NA
overraabe;NA
oversejle;NA
oversidde;NA
overskrive;NA
overskærer;"wheel;mercury"
overslag;spo
overslaa;NA
overstride;NA
oversætte;NA
overtaste;NA
overtræde;NA
overtrække;NA
overtyde;psy
overveje;NA
overvinde;NA
overvælde;NA
overvældig;NA
ovn;wheel
ovnbrød;NA
ovnsmund;NA
ovre;NA
ovrighed;NA
ovs;NA
padde;anchor
paddehat;flower
padre;NA
pagt;NA
pak;sam
pakke;oad
pakkenelliker;NA
pal;NA
palads;NA
paladsgreve;NA
pale;NA
palle;NA
palt;NA
paltsrok;NA
pamper;spades
pande;gas
pander;NA
panel;"byt;sam;tek;aut;tøj;psy"
pannel;NA
panser;"mil;pot"
pant;"jur;øko;han"
pante;NA
pantoffel;NA
pap;NA
papegøje;"bird;flower;anchor"
papir;mercury
pappe;NA
par;zoo
paradiskorn;NA
pardel;NA
parder;NA
parfots;NA
parkem;NA
parlament;NA
parlamente;NA
part;anchor
parte;NA
parti;"mercury;anchor"
partisan;NA
pas;NA
pasbord;NA
pashamp;NA
paspurt;NA
passager;NA
passe;NA
passeport;NA
passion;music
passionerer;NA
patine;NA
patron;wheel
patrone;NA
paulun;NA
pave;rel
pavement;NA
pavlun;NA
pavst;spades
peber;flower
pebling;und
pejle;anchor
pejs;bol
pekkelhering;NA
peklin;NA
peld;NA
pels;"zoo;tøj;nyd"
pelser;NA
pelsner;NA
pelteri;NA
pen;NA
pene;NA
penningebrev;NA
penningebræde;NA
pens;NA
pensel;mal
pension;NA
pergament;NA
perikel;NA
perk;NA
perle;NA
perm;bog
perse;mad
persik;NA
persike;NA
persil;NA
persille;bot
persken;NA
persone;NA
pert;NA
pfalzgreve;NA
phuj;NA
pibe;"nyd;tek;msk"
pibekande;NA
pibeovn;NA
piber;"bird;fish;anchor"
pig;NA
pige;NA
pik;anchor
pikkelhering;NA
pikkelhue;swords
pikkeronne;anchor
pil;"våb;bot;und"
pilar;NA
pilgrim;NA
pilkentavl;NA
pille;med
pind;"anchor;spades"
pindesyl;NA
pindsyl;NA
pine;anchor
pinebænk;NA
pinelig;NA
pinelighed;NA
pingets;NA
pings;NA
pinke;NA
pinlig;NA
pinse;NA
pinsun;NA
pint;NA
pip;NA
piping;NA
pippe;NA
pirris;NA
pis;NA
pisel;NA
pisse;NA
pit;NA
pitser;NA
pitsere;NA
pitserring;NA
pitsier;NA
pitsiere;NA
pjalt;"tøj;psy"
plade;"msk;gas;aut;spi;fam;fot"
pladeslaer;NA
pladeslager;NA
pladre;kom
plads;"mercury;anchor"
plage;NA
plakke;swords
plan;wheel
planche;NA
planet;NA
plank;NA
planke;"byt;spo"
planse;NA
plante;bot
plasning;NA
plaster;swords
plat;NA
platte;NA
platten-;NA
plattenslager;NA
plege;NA
pleje;wheel
plejl;lan
plet;NA
pligt;NA
pligte;NA
pligteligen;NA
pligtig;NA
plinke;NA
plog;NA
plogskat;NA
pludre;NA
pluds;NA
pludselig;NA
pludseligen;NA
pludsig;NA
plukgæld;NA
plump;NA
plustre;NA
plustreplystre;NA
plyg;NA
plyndergreve;anchor
plyndre;NA
plæk;NA
pløk;NA
podagel;NA
podagelsk;NA
podagra;NA
podangel;NA
pode;NA
poderis;NA
pogge;NA
pojt;NA
pojte;NA
pok;NA
pokker;NA
pol;NA
polamit;NA
polej;flower
poleje;NA
poløxe;NA
pometekens;NA
pomissten;NA
pommerinke;NA
popelsi;NA
poppel;flower
poppele;NA
poppelen;NA
poppelsi;NA
porreløg;NA
pors;bot
port;anchor
portener;NA
porthus;NA
portner;NA
portugaløs;NA
positiv;NA
possement;NA
post;NA
posteg;NA
postej;NA
postelats;NA
postiv;NA
pote;"zoo;ana"
potte;bol
potter;NA
potteskår;NA
potz;NA
pragt;NA
prakke;NA
prakker;NA
prakkere;NA
prakkerfoged;NA
praktik;NA
praktisere;NA
pral;NA
prale;NA
pram;"skb;skm"
prampere;NA
prampering;NA
prang;NA
prange;NA
preg;NA
pren;håa
prene;NA
prent;NA
prente;NA
prenteri;NA
present;s
prik;anchor
prikke;"erh;fyo"
prikle;hav
prim;music
prime;NA
primegelt;anchor
primegæld;NA
prin;NA
pris;NA
prise;NA
priselig;NA
prison;NA
privet;NA
proces;NA
proest;NA
profos;NA
prop;"ele;ana;hel;psy"
proper;NA
prost;NA
provest;NA
proviant;NA
proviantbrød;NA
provst;NA
provsti;NA
prunk;NA
pruste;kom
prutte;han
pryne;NA
prys;NA
prysk;NA
pryssing;NA
prædike;NA
prædiken;NA
prælat;bird
prøjser;NA
prøve;wheel
pudder;NA
pudderbysse;NA
puds;NA
puge;øko
pugge;NA
puk;NA
pukke;NA
pukkel;"zoo;fyo;gel"
pukker;NA
pukkere;NA
pukpyk;NA
puld;tøj
pulpet;NA
pulre;NA
puls;NA
pult;music
pulteri;NA
pulver;NA
pulverisere;NA
pumpe;anchor
pumpetugge;NA
punder;NA
pundert;NA
pung;NA
punkt;"music;swords"
puppe;NA
pur;NA
purgere;NA
purre;anchor
pus;NA
puste;"hån;spr;spi;zoo;fyo"
puster;NA
pustere;NA
put;NA
puts;NA
pykke;NA
pynt;NA
pynte;NA
pægl;mål
pæl;anchor
pæle;NA
pæon;flower
pøjt;NA
pøker;NA
pøl;NA
pølle;bol
pønse;NA
pøtker;NA
på;NA
paa;"comet;anchor;mercury;swords"
paaskyde;NA
rabalder;NA
rabus;NA
rack;NA
rad;NA
raft;NA
rage;NA
rak;NA
rakke;"sam;kom;rej"
rakker;spades
rakkere;NA
rakkeri;NA
rakkerknægt;NA
rakkerkule;NA
ram;NA
ramme;NA
rampe;NA
rams;flower
ranke;"bot;bol"
ransel;anchor
ranson;anchor
ransone;NA
ransoning;NA
rap;spr
raphøns;NA
rappe;NA
rar;NA
rase;NA
rasekop;NA
rasende;NA
rask;NA
raskop;NA
rasle;NA
rasp;wheel
rast;NA
raste;NA
rat;tra
rav;mercury
re;NA
rebbenspær;NA
rebbespær;NA
rebe;NA
reberbane;hån
rebslager;NA
rebsmand;NA
red;hvn
redde;spo
reddesløs;NA
redding;NA
rede;NA
redelig;NA
reder;NA
redig;NA
redskab;hån
refal;NA
refald;NA
regd;NA
regel;NA
regerer;NA
regerere;NA
regimente;NA
regne;"mat;mål"
regnere;NA
regnskab;erh
rej;NA
rejnfal;NA
rejnfald;NA
rejnfan;bot
rejse;rej
rejsener;NA
rejsig;NA
rejsner;NA
rekling;NA
rem;NA
remme;NA
remmesnider;NA
remmesnidere;NA
remmesnier;NA
remmesniere;NA
remmet;NA
remp;NA
rempe;NA
remsnider;NA
remsnidere;NA
remsnier;NA
remsniere;NA
rende;NA
rendebane;NA
rendespil;NA
rendesten;anchor
rengnere;NA
rente;"ban;øko"
rentemester;NA
rentener;NA
reppe;NA
resener;NA
ret;"anchor;swords"
retfærdelig;NA
retfærdig;rel
retfærdige;NA
retfærdighed;NA
retgang;NA
retmæssig;NA
retning;swords
retsindig;NA
retskyldig;NA
rettebænk;NA
retter;NA
retterbænk;NA
retterdag;NA
rettergang;NA
rettersværd;NA
rettesnor;NA
rettesværd;NA
rettighed;NA
rev;NA
rever;NA
revier;NA
revir;anchor
revle;NA
ri;skr
ribalde;NA
ribbe;"bot;bol;ark;spo;hån"
ridder;"spades;fish;flower"
ridderlig;NA
ridderskab;NA
riddersmand;NA
ridelagen;NA
rigel;NA
rigsk;NA
rigte;NA
rigteligen;NA
rigtig;NA
rilagen;NA
rille;NA
rim;NA
rime;NA
rimpe;håa
rind;NA
rindsel;NA
ringe;øko
ringeldue;NA
rinsk;NA
ris;NA
rise;NA
riselsk;NA
risk;NA
risp;NA
rist;bol
riste;NA
ritmester;mil
ritte;NA
rive;NA
rive-;wheel
ro;NA
rode;oad
rodemester;NA
rodset;NA
rodskær;NA
roe;bot
rog;NA
rok;NA
rokere;NA
rokke;zoo
rokkel;NA
roland;NA
romer;NA
romtalende;NA
ror;anchor
ros;NA
rosbår;NA
rosbåre;NA
rosbaare;NA
rose;"flower;swords;anchor"
rosen-;NA
rosenfarvet;NA
rosennobel;NA
rosenobel;NA
rosin;NA
rosom;NA
rost;NA
rostere;NA
rotlask;NA
rotsten;NA
rotte;zoo
rottekrudt;NA
rotværk;NA
rov;"kri;zoo"
ru;ana
rubank;NA
rubin;NA
rud;NA
rude;"gla;ark"
rue;NA
ruelse;psy
ruf;ski
ruffe;NA
ruffer;NA
ruffere;NA
rufferi;NA
rufferske;NA
rufoder;NA
rug;NA
rugfoder;NA
rughugger;NA
rugte;NA
ruhugger;NA
ruldug;NA
rulle;gas
rum;anchor
rumeni;NA
rummeldus;NA
rummeldøs;NA
rumor;NA
rumpe;"swords;anchor"
rumple;NA
rumstere;NA
rund;NA
runddel;swords
rundel;NA
rundholt;ski
rus;NA
ruse;anchor
ruske;NA
russer;NA
russisk;flower
rust;NA
rust-;NA
ruste;mil
rustig;NA
rustmester;NA
rutte;NA
ryg;NA
ryge;NA
rygfoder;NA
rygfoer;NA
ryggeløs;NA
ryggesløs;NA
rygkræf;NA
rygkræft;NA
rygløs;NA
rygte;NA
rygtes;kom
rygtig;NA
rykke;swords
rylagen;NA
rympling;NA
ryspe;NA
rystig;NA
ryting;NA
rytter;"spo;mil"
rytteri;mil
rytting;NA
ræddike;flower
rædike;NA
ræk;NA
rækel;NA
række;"swords;wheel"
rækkebænk;NA
rækkje;NA
ræling;ski
rænke;NA
rødbrissel;NA
røde;NA
rødgyder;NA
rødskær;NA
rødsten;"comet;mercury"
røffel;NA
røje;NA
røjer;NA
røllike;bot
rømme;"mercury;wheel;anchor"
rør;NA
rørdrum;zoo
røre;NA
rørig;NA
røst;NA
røstmester;NA
røtte;NA
røve;NA
røver;NA
raa;anchor
raad;NA
raadgiver;NA
rådhus;oad
raadhus;NA
raadmand;fish
raadne;NA
raadsfrue;NA
rådslag;NA
raadslag;NA
raadslaa;NA
rådstol;NA
råg;NA
raage;bird
sabbe;NA
sabel;NA
sadden;NA
sade;NA
sadel;"swords;anchor;wheel;music"
sadelfad;NA
sadelmager;NA
saden;NA
saffe;NA
safran;flower
sagt;NA
sagte;NA
sagtelig;NA
sagthed;NA
sagtighed;NA
sagtmod;NA
sagtmodig;psy
sagvolder;NA
sakke;NA
sal;NA
salig;rel
salighed;NA
saliglig;NA
sallun;NA
salse;NA
salsirken;NA
saltsole;NA
salve;apo
salvie;flower
salving;NA
salvning;NA
sam-;NA
samarie;NA
samkøb;NA
samle;"hån;gas"
samt;NA
samtkøb;NA
samtlig;NA
samvittighed;psy
sandart;fish
sanddune;NA
sangmester;NA
sankt;flower
sap;NA
sardug;NA
sargiant;NA
sart;NA
sasse;NA
sav;NA
savblok;NA
savdæle;NA
save;NA
savle;NA
schartek;mercury
schout;NA
se;NA
seddel;ban
sedefer;NA
sedfer;NA
segelsten;NA
segl;lan
seglatie;NA
segle;NA
seglgarn;NA
seglrede;NA
seglsten;NA
segne;NA
segnet;NA
sejdenskib;NA
sejdespil;NA
sejer;NA
sejerstund;NA
sejerværk;NA
sejlads;søf
sejlgarn;tin
sejnskib;NA
sejrværk;NA
sejser;NA
sekker;NA
sekkering;NA
seks;NA
sele;anchor
selle;NA
selligen;NA
sellje;NA
selskab;NA
selv;spades
selv-;NA
selvdigtet;NA
selvmyndig;NA
selvstændig;NA
selvvillig;NA
selvvoxen;NA
semand;NA
sene;NA
sengenætter;NA
senkel-;NA
sennes-;NA
serpentine;swords
setteni;NA
sevenbom;bot
sex;NA
si;NA
sibe;NA
sid;NA
sideldort;NA
siden;NA
sidendort;NA
sig;NA
sigel;NA
signet;flower
sigt;NA
sigte;våb
sikker;NA
sikkerhed;swords
sikkerlig;NA
sikling;NA
sikre;swords
sikring;swords
sil;NA
silkestikker;NA
simand;NA
simle;NA
simpel;"spades;swords"
simpelhed;NA
sind;psy
sindal;NA
sindeldort;NA
sindelig;NA
sindendort;NA
sindesløs;NA
sindig;psy
sindighed;NA
sindlig;NA
sindløs;NA
sindrig;NA
singel;NA
singrøn;flower
sinkadusen;NA
sinke;NA
sir;NA
sirat;music
sire;music
siring;NA
sise;NA
sisebod;NA
sisik;NA
sisiken;NA
sisken;zoo
sisse;NA
sive;NA
sjelvvoxen;NA
sjov;anchor
sjughed;NA
sjunk;NA
sjæl;"swords;music"
sjælebad;NA
sjæledag;NA
sjælegave;NA
skab;bol
-skab;NA
skabelon;NA
skabernak;NA
skabet;NA
skaffe;NA
skaffer;NA
skaffere;NA
skaffom;NA
skak;anchor
skakkeret;NA
skaktavl;NA
skal;wheel
skald;NA
skalk;NA
skalkagtig;NA
skalkefund;NA
skalkelige;NA
skalkhed;NA
skalle;NA
skalmeje;msk
skamfere;NA
skamflikke;NA
skamfærde;NA
skamfære;NA
skamfæring;NA
skamme;NA
skammel;NA
skamper;NA
skand;NA
skand-;NA
skandsten;NA
skank;NA
skanse;mil
skar;NA
skare;NA
skarlagen;tøj
skarn;spades
skarntyde;bot
skarpe;NA
skarperigter;NA
skarpmese;NA
skarpmetse;NA
skarpretter;NA
skarre;NA
skars;NA
skarsk;NA
skartek;NA
skarteke;NA
skarvagt;NA
skat;NA
skatte;NA
skavank;NA
skave;NA
ske;NA
-ske;NA
sked;NA
skede;NA
skedelig;NA
skeding;NA
skedning;NA
skedsherre;NA
skedsmand;NA
skejdsherre;NA
skel;"anchor;comet"
skele;NA
skelle;NA
skemp;NA
skempte;NA
skemte;NA
skene;NA
skenkel;NA
skenne;NA
skerpentine;NA
skever;NA
skeversten;NA
skibbrud;NA
skibe;"mercury;anchor"
skibelse;NA
skibmand;anchor
skibsrustning;NA
skibsrystning;NA
skide;NA
skidehus;NA
skider;NA
skidt;spades
skifer;NA
skiffer;gel
skifte;"anchor;swords"
skik;anchor
skikke;NA
skikkelig;NA
skikkelse;"fys;ana"
skikking;NA
skikkning;NA
skildpadde;anchor
skildre;NA
skildvagt;mil
skille;NA
skilling;"swords;flower"
skilt;NA
skimling;NA
skimme;NA
skimmel;bot
skimring;NA
skinbar;NA
skinbarlig;NA
skind;"ana;mad"
skinde;NA
skinder;NA
skinderi;NA
skink;NA
skinke;NA
skinkel;NA
skinne;NA
skinneben;NA
skipper;"søf;spo"
skippund;NA
skirrit;NA
skive;"kom;msk"
skje;NA
skjold;"swords;anchor"
skjorte;NA
skjud;NA
skjul;NA
skobod;NA
skodde;NA
skok;NA
skokketal;NA
skolapper;NA
skole;music
skolæpper;NA
skomager;"bird;anchor"
skonfarsejl;NA
skonrog;mad
skonroggen;NA
skorsten;"byt;mas;øko;hel"
skot;ski
skotilje;NA
skovisk;NA
skovl;"anchor;wheel"
skovle;anchor
skovr;NA
skrabe;NA
skraføjte;NA
skrage;NA
skramme;NA
skrammet;NA
skrange;NA
skrank;NA
skrankværk;NA
skrat;NA
skrave;anchor
skred;NA
skridt;"zoo;ana"
skrift;"lit;rel;spr;typ;gra"
skrig;NA
skrige;NA
skrikke;NA
skrin;NA
skrinmagere;NA
skrive;"mercury;quad;music"
skrivén;NA
skrivereskole;NA
skrivertyg;NA
skrivetyg;NA
skrode;NA
skrodvægt;NA
skrolle;NA
skrot;NA
skrubbe;wheel
skrue;"hån;ski;gas;spo;vær;psy"
skrump;NA
skrumpe;NA
skruve;NA
skryde;NA
skrædder;skr
skræddere;NA
skræv;NA
skrå;tea
skraa;NA
skråtobak;nyd
skubbe;NA
skubkarre;NA
skudde;comet
skude;skb
skudre;NA
skuestage;NA
skuffe;NA
skuffel;bird
skufle;NA
skul;NA
skulde;fish
skulder;"ana;zoo;tøj;med"
skuldere;NA
skuldre;NA
skule;NA
skuller;NA
skulpe;bot
skult;NA
skultus;NA
skuløret;NA
skumme;NA
skummer;NA
skumring;NA
skur;NA
skure;hyg
skurramme;NA
skurre;NA
skutilsvend;NA
skutte;bio
skuttel;NA
sky;psy
skylde;NA
skyldener;NA
skyldig;"jur;psy;øko"
skylding;NA
skyldinge;NA
skyldner;øko
skyldning;NA
skyldninge;NA
skyldug;NA
skyr;NA
skyt;NA
skytfærd;NA
skytningsstue;NA
skyts;våb
skytte;"våb;mil;spo;asl"
skyttevold;NA
skæft;NA
skæftig;NA
skæker;NA
skæl;"anchor;wheel"
skælde;NA
skældensord;NA
skælding;NA
skældsbrev;NA
skældsord;spr
skælm;psy
skælmer;NA
skæmme;NA
skænde;"kom;sex"
skændelig;NA
skænder;NA
skændere;NA
skændig;NA
skænk;NA
skænke;fam
skænkeskive;NA
skænkeøl;NA
skæpperi;NA
skærbrækker;NA
skærbækken;NA
skærdug;NA
-skærig;NA
skærm;"fje;edb;tek;bol;bot;fly;fri"
skærmbrækker;NA
skærmbræt;NA
skærme;NA
skærmere;NA
skærmerslag;NA
skærmeslag;NA
skærmydse;NA
skærmydsel;scl
skærmyse;NA
skærmytse;NA
skærte;NA
skærv;øko
skærve;NA
skæv;NA
skæve;NA
skæver;NA
skæverdug;NA
skævl;NA
skøde;anchor
skøge;flower
skøgje;NA
skølpe;anchor
skøn;NA
skønlig;NA
skønlige;NA
skønt;NA
skør;"flower;wheel"
skørbug;med
skøre;NA
skørt;"tøj;aut"
skørte;anchor
skørtedug;NA
skaan;NA
skåne;NA
skaane;NA
skånlig;NA
skaanlig;NA
skaar;anchor
slabberas;NA
sladre;kom
slag;NA
slagbro;NA
slage;NA
slagge;wheel
slagregn;NA
slagside;anchor
slagskat;NA
slagt;NA
slagte;NA
slagtemåned;NA
slagtemaaned;NA
slagter;NA
slagting;NA
slagtmåned;NA
slagtning;NA
slagtorden;NA
slagvindue;NA
slakke;anchor
slange;NA
slank;NA
slap;NA
slapampe;NA
slappe;NA
slat;NA
slatte;NA
slebe;NA
sleg;NA
slege;NA
sleger;NA
slem;NA
slemhed;NA
slemme;NA
slemmelig;NA
slemmere;NA
slet;music
slev;NA
sli;fish
slib;NA
slibe;hån
slibrig;NA
slid;wheel
slik;gel
slikke;NA
slikker;pom
slimig;NA
slimmig;NA
slink;NA
slinke;NA
slips;NA
slire;anchor
slopsæk;NA
slot;ark
slotsherre;NA
slotslog;NA
slotslov;NA
slu;NA
sluffe;NA
slug;NA
sluge;NA
slugop;NA
slumme;NA
slump;NA
slumpe;NA
slumre;NA
slungel;NA
slunke;NA
slunken;NA
slup;anchor
sluse;byg
slut;NA
slutte;"anchor;swords;wheel;mercury"
slutter;NA
sluttere;NA
slyde;NA
slynge;anchor
slyngel;NA
slæb;tøj
slæbe;jur
slæde;"anchor;swords;wheel"
slægt;NA
slægte;NA
slæne;NA
slænge;NA
sløj;fyo
sløjer;NA
sløjfe;NA
slømme;NA
slømmelig;NA
slømmere;NA
slømpe;NA
slør;tøj
sløre;anchor
sløse;NA
sløv;NA
slå;NA
smag;NA
smage;NA
smagelig;NA
smak;NA
smakke;anchor
smal;NA
smalle;NA
smede;NA
smide;NA
smidig;"fys;ana;psy;msk;spr"
smigelig;NA
smigere;NA
smigeri;NA
smitte;"med;tøj"
smolt;NA
smuds;NA
smug;NA
smuk;"spr;met"
smukke;NA
smul;NA
smult;NA
smykke;NA
smæ;NA
smæde;psy
smædelig;NA
smægte;psy
smægtig;NA
smækfilleke;NA
smæle;NA
smælig;NA
smælighed;NA
smærte;NA
smøg;NA
smøge;NA
smør;music
smøre;wheel
smørrig;NA
smaa;"anchor;spades;quad"
småhed;NA
smaahed;NA
smaalig;NA
snabel;NA
snak;NA
snakke;NA
snaphane;NA
snappe;"kom;zoo"
snare;NA
snarke;NA
snarkere;NA
snaskeri;NA
snat;NA
snave;NA
sne;NA
snedelig;NA
snedig;NA
snedker;sne
snedkre;NA
snegl;"wheel;music"
snekke;anchor
snekkje;NA
snel;NA
sneppe;zoo
snes;NA
snikke;NA
snikkje;NA
snildraadig;NA
snippe;NA
snive;NA
snog;NA
snor;"hån;tøj;zoo;san"
snore;NA
snoreret;NA
snorke;NA
snorker;NA
snorlige;NA
snorret;NA
snot;med
snotte;NA
snu;NA
snude;anchor
snue;NA
snuppe;NA
snurre;NA
snuve;NA
snyde;spades
snykke;NA
snæbel;fish
snære;flower
snøre;"mercury;swords"
sobel;NA
sobøder;NA
sod;NA
sodbrænden;NA
sode;NA
sok;NA
sold;NA
soldat;NA
soldener;NA
solding;NA
soldner;NA
sole;NA
solvirrel;NA
som;NA
sommerfugl;NA
sone;NA
sopken;NA
sorgfældig;NA
sorrigfældig;NA
sotidsel;NA
spa;NA
spade;NA
spadsere;NA
spage;anchor
span;NA
spand;NA
spandemager;NA
spandrem;NA
spang;NA
spanskgrønt;"mercury;flower"
spareribs;mad
sparkalk;NA
sparlagen;NA
spat;med
spe;NA
speceri;NA
sped;NA
spedalsk;med
spede;NA
spefugl;NA
spege-;NA
spegelfægting;NA
spegelfægtning;NA
spejde;NA
spejder;NA
spejl;"anchor;swords"
spel;NA
spelle;NA
spelt;bot
spelte;NA
spene;NA
spergel;flower
spid;wheel
spidde;NA
spide;NA
spids;"wheel;spades;swords"
spidsbub;NA
spidse;NA
spidseri;NA
spidshat;flower
spidsrod;NA
spiger;tøm
spikenard;flower
spiker;NA
spil;"spi;spo;msk;tea;kun"
spil-;"anchor;wheel"
spilde;NA
spile;anchor
spilfugl;NA
spilfægtning;NA
spilhus;NA
spille;"spo;msk;kun;tea;kul;fri;spi;sex;øko;tek"
spillefugl;NA
spiller;NA
spilleside;NA
spilling;NA
spilside;NA
spiltov;NA
spindeside;NA
spinkel;NA
spinket;NA
spir;anchor
spire;NA
spirisk;NA
spis;NA
spise;mad
spiser;NA
spiseri;NA
spitalig;NA
spjudstage;NA
splejse;"søf;bio;øko;fam"
splid;"scl;psy"
splide;NA
splint;anchor
split;"tek;gas;spo"
splitre;NA
splitte;NA
spo;NA
spode;NA
spoe;NA
spog;NA
spole;NA
spolorm;zoo
spord;NA
spore;NA
spot;NA
spotsk;NA
spottelig;NA
sprang;NA
sprede;"hyg;fys;ana"
sprekker;NA
spring;NA
springhorn;NA
springkorn;NA
sprinkel;NA
sprinkler;NA
sprinklet;NA
sprog;spr
sprok;NA
sprot;NA
sprude;NA
sprung;NA
sprutning;NA
sprutte;NA
spryd;anchor
sprydstagsejl;ski
sprytling;NA
spræk;NA
sprække;NA
sprækker;NA
sprænge;wheel
spraade;NA
spund;NA
spunde;NA
spy;NA
spyd;wheel
spydig;kom
spydsk;NA
spydstage;NA
spygat;anchor
spæk;anchor
spækhøker;han
spække;anchor
spænde;NA
spænsgrøn;NA
spænsgrønt;NA
spær;byt
spærhage;NA
spærkalk;NA
spærlagen;NA
spærre;mercury
spærvogn;NA
spøge;NA
spøgelse;NA
spøgeri;NA
spøl;NA
spøle;NA
spåne;NA
stabel;NA
stabelafløbning;ski
stabelgods;mercury
stable;NA
stad;geg
stade;NA
stadelig;NA
stadfæste;mercury
stads;NA
staffeli;NA
staffere;"hån;håa"
staffiere;NA
stag;"anchor;wheel"
stage;anchor
stak;NA
stakit;NA
stal;NA
stalbroder;NA
stald;NA
staldbroder;NA
stalde;NA
stalding;NA
staldmester;NA
staler;NA
stalle;NA
stalmester;NA
stamle;NA
stamme;"bot;etn;bio;spr"
stammet;NA
stampe;NA
standaftig;NA
standart;swords
stande;NA
standfast;NA
standhaftig;psy
stands;NA
stangkrejer;NA
stangkrer;NA
stank;NA
starblind;fyo
stat;"geg;sam;oad"
statelig;NA
statholder;his
statlig;NA
stavn;NA
stedse;NA
steg;NA
stejl;psy
stejle;NA
stekemes;NA
stel;"tek;bol"
stelle;NA
stelpe;NA
stemme;mercury
stemp;NA
stempe;NA
stempel;tek
stemple;NA
stenbider;fish
stenbikke;flower
stenbikker;fish
stenbræk;flower
stenbuk;NA
stenbøsse;NA
stene;NA
stenet;NA
stenhus;NA
stenig;NA
stenlim;NA
stenmarv;NA
stenpikkere;NA
stensluffe;NA
stenugle;bird
sterredros;NA
stervbo;NA
sterve;NA
stevel;NA
stever;NA
stevere;NA
sti;NA
stif-;NA
stift;rel
stifte;NA
stig;NA
stige;NA
stigt;NA
stigte;NA
stihage;NA
stik;anchor
stikbovt;anchor
stikke;"zoo;med;håa;tøj;spi;søf;gas;kom"
stikketøg;NA
stikpenge;NA
stikpille;NA
stilk;wheel
stille;"anchor;mercury"
stillids;zoo
stillighed;NA
stilling;NA
stim;NA
stime;NA
stimpere;NA
stind;NA
stinke;NA
stint;NA
stinte;NA
stiv;"met;mad"
stive;anchor
stivelse;NA
stivnakket;NA
stjerne;"wheel;mercury"
stjernekiger;"fish;anchor"
stjerneskud;NA
stjøvl;NA
stob;NA
stod;NA
stodre;NA
stok;NA
stokblind;NA
stokfisk;"mercury;fish"
stokhus;NA
stokkeknægt;NA
stokkerhus;NA
stokkerknægt;NA
stokmester;NA
stolbroder;NA
stolebroder;NA
stolesbroder;NA
stolgang;NA
stolpe;anchor
stolsbroder;NA
stolt;flower
stoltelig;NA
stolteligen;NA
stolthed;NA
stoltsere;NA
stoppe;"nyd;med;håa"
storm;anchor
storme;anchor
stormhage;swords
stov;NA
stove;NA
strade;NA
straf;NA
straffe;jur
straffelig;NA
strag;NA
straks;NA
stram;"ana;psy"
straten-;NA
stratenrøver;NA
strax;NA
streg;"music;spades;anchor;swords"
stregmaal;NA
strejfe;psy
stremel;NA
stremmel;NA
streng;NA
strenge;NA
strengelig;NA
stretsko;NA
strevig;NA
strib;NA
stribe;"mil;bog"
stribet;"flower;mercury"
strid;NA
stridbar;NA
stride;s
stridig;NA
strig;NA
strige;NA
strik;NA
strikke;håa
strikmur;NA
strikværn;NA
strime;NA
strimmel;"gel;flm"
strinte;zoo
strip;kun
strippe;NA
strud;NA
struds;zoo
strudse;NA
strukrøver;NA
strumpe;NA
strunk;NA
strunt;bird
strut;NA
stryge;"music;anchor"
stræbe;NA
stræde;NA
strække;"hyg;spo"
strækkeben;NA
stræve;NA
strømling;fish
strømpe;tøj
strøv;NA
strøve;NA
stråle;"fys;med;zoo"
straale;NA
stub;NA
stubbe;NA
stube;NA
studium;NA
studse;spo
stue;wheel
stukke;NA
stum;"music;bird"
stump;NA
stumpe;tøj
stumpere;NA
stumple;NA
stund;NA
stunde;NA
stundeglas;NA
sturen;NA
stuv;NA
stuve;NA
stuvning;NA
stykke;NA
stykkje;NA
stylp;NA
stylpe;NA
stymper;NA
stympere;NA
stymple;NA
styr;anchor
styrbord;anchor
styre;NA
styrmand;NA
styrre;NA
styrring;NA
styrte;sam
styrtekule;NA
styrtning;"swords;anchor"
styrvolt;spades
styve;NA
styver;NA
stædig;NA
stæmp;NA
stæmpe;NA
stæmpel;NA
stændig;NA
stær;med
stærblind;"fyo;hel"
stætte;NA
stævn;anchor
stævne;NA
stød;"swords;anchor"
støder;NA
stødere;NA
støje;NA
støjt;NA
stømpere;NA
stønne;NA
stør;fish
støtte;øko
støv;"bot;zoo;rel;bol"
støve;"hyg;jag"
støveken;NA
støvel;NA
støver;NA
støvere;NA
støvken;NA
støvle;tøj
støvlet;NA
støvmel;NA
støvning;NA
stålbroder;NA
ståldbroder;NA
stålde;NA
stålmester;NA
stånde;NA
ståvn;NA
suben;NA
sudler;NA
sudlere;NA
sudryg;NA
sukker;"mad;kem"
sukte;NA
sum;mercury
summe;NA
sump;"geg;tek"
sumpe;NA
sund;NA
sunde;NA
sundhed;NA
suppe;NA
suput;NA
sur;NA
suremule;NA
surfittig;NA
suring;NA
surmule;NA
surre;NA
surseende;NA
sus;NA
svaber;anchor
svadanig;NA
svag;"fyo;hel;bio;tek;psy;sam;spr"
svage;NA
sval;NA
svale;bird
svalm;NA
svamp;NA
svang;NA
svanger;NA
svans;"swords;wheel"
svanse;NA
svaring;NA
svarlig;NA
svarm;NA
svart;NA
svejfet;ark
svend;NA
svenk;NA
svenke;NA
svibbue;NA
svibel;NA
svig;NA
svigerske;NA
svik;NA
svike;NA
svikke;NA
svime;NA
svimelse;NA
svimeslag;NA
svimeslaa;NA
svimle;NA
svimmel;fyo
svind;NA
svindig;NA
svindighed;NA
svindt;NA
svinedrift;NA
svinepenninge;NA
svinge;"fys;dan"
svink;NA
svinke;NA
svire;drk
svoger;fam
svogre;NA
svovl;"kem;rel"
svulst;med
svække;hel
svælg;NA
svænge;NA
svær;NA
sværdfeger;mercury
sværdfegere;NA
sværdfejere;NA
sværdside;NA
svære;NA
sværke;NA
sværm;NA
sværme;NA
sværte;skm
svæve;music
svøbe;anchor
svåg;NA
sy;anchor
syd;geg
syde;NA
syden;NA
sydost;anchor
syl;NA
syld;NA
syldøkse;NA
syldøxe;NA
sylle;NA
sylt;NA
sylte;"gas;ana"
syn;comet
synav;flower
synderlig;NA
syndige;NA
synest;NA
syre;flower
sæbe;hyg
sæde;"swords;wheel"
sædelig;NA
sæk;NA
sækkedragere;NA
sækkertal;NA
sæl;NA
sælhund;NA
sælsom;NA
sæms-;NA
sænke;"wheel;music"
sær;NA
sætje;NA
sætning;NA
sættenagle;NA
søbe;NA
sød;NA
søgere;NA
søjle;NA
søle;NA
sølver-;NA
sølverglød;NA
sølvgled;NA
sølvglede;NA
sølvglød;NA
sølvgløde;NA
sølvpop;NA
sølvskum;wheel
sømme;NA
sømmere;NA
sønderjyde;NA
søpig;NA
søsling;NA
søsterskap;NA
søværts;anchor
saad;NA
sådan;NA
saadan;NA
saal;"wheel;anchor"
saat;NA
såte;NA
tabelet;NA
tabin;NA
tablatur;NA
tabulatur;NA
tabulet;NA
tadre;NA
taffel;NA
taffelsmide;NA
taft;NA
tag;NA
tagge;NA
tagl;NA
tak;zoo
takkel;anchor
takkelage;ski
takle;"søf;ski"
taknemmelig;NA
tal;NA
tale;NA
talemand;NA
talg;NA
tallerken;mad
talsmand;NA
tamper-;NA
tang;NA
tange;NA
tanke;NA
tanke-;NA
tankebog;NA
tankebrev;NA
tant;sex
tap;"swords;wheel"
tapet;NA
tappegæld;NA
tarse;NA
tarter;NA
taske;tøj
taskemager;NA
taste;NA
tatar;NA
tater;NA
tavl;NA
teglslager;NA
teglslagere;NA
teglsten;NA
telbøsse;NA
tele;NA
telhage;NA
tellebøsse;NA
telt;fri
teme;NA
temme;NA
temmelig;NA
tempel;NA
tempere;NA
temperere;music
ten;NA
tengsel;NA
tenværk;NA
tere;NA
tere sig;NA
teriak;NA
terig;NA
terighed;NA
terne;NA
terning;"spi;mat"
tese;spades
test;NA
tid;NA
tidepenge;NA
tidevand;anchor
tidfordriv;NA
tidfordrive;NA
tidig;music
tiding;NA
tidinge;NA
tidkorting;NA
tidkortning;NA
tidkørting;NA
tidkørtning;NA
tidlig;NA
tidløs;flower
tidsfordriv;NA
tidskorting;NA
tidskortning;NA
tidskørting;NA
tidskørtning;NA
til;NA
tilbage;NA
tilbede;NA
tilbehør;gas
tilbehøre;NA
tilbehørende;NA
tilbehørig;NA
tilbehøring;NA
tilbehøringe;NA
tilberede;NA
tilbeskære;NA
tilbetro;NA
tilbinde;NA
tilbringe;NA
tilbringere;NA
tilbøje;NA
tilbørlig;NA
tildele;NA
tildrage;NA
tildrikke;NA
tildrive;NA
tildrægig;NA
tildræglig;NA
tilfald;NA
tilfalde;NA
tilflugt;NA
tilfly;NA
tilflaad;NA
tilforladelig;NA
tilforn;NA
tilfornet;NA
tilforsigt;NA
tilfreds;NA
tilfælde;NA
tilfældig;sta
tilføje;NA
tilfør;NA
tilføre;NA
tilgedan;NA
tilgenegen;NA
tilgift;NA
tilgive;spades
tilhold;NA
tilholde;NA
tilholder;wheel
tilhugge;NA
tilhænge;NA
tilhænger;NA
tilhøre;NA
tilje;NA
tilkomme;NA
tilkomst;NA
tilkomstig;NA
tillade;spades
tillag;NA
tillange;NA
tillede;NA
tillige;NA
tillokke;NA
tillægge;mat
tilløb;NA
tilovers;NA
tilpas;NA
tilplanke;NA
tilpligte;NA
tilrette;NA
tilsagn;NA
tilsammen;NA
tilslager;NA
tilspunde;NA
tilstede;NA
tilstå;jur
tilstaa;mercury
timmer;mercury
tims;NA
timse;NA
tin;NA
tind;NA
tinde;"gel;ark"
tinding;NA
tine;NA
tingbog;NA
tingbænk;NA
tingdag;NA
tinge;NA
tingest;NA
tinghus;NA
tinghøring;NA
tingmand;NA
tingstok;NA
tingsvidne;NA
tingtid;NA
tip;NA
tiran;NA
tiranne;NA
tirumtej;NA
titling;NA
tjalre;NA
tjene;mercury
tjener;NA
tjeneste;"anchor;mercury"
tjenstagtig;NA
tjenstlig;NA
tjuvestok;NA
tjære;NA
to;NA
tobin;NA
tobis;zoo
tofte;anchor
tog;NA
togbrigge;NA
toge;NA
togger;NA
togsmand;NA
tolast;NA
told;anchor
tolde;NA
tolder;tol
toldne;NA
tolk;NA
tolke;NA
tolv;NA
tolve;NA
tom;NA
tomb;NA
tone;anchor
top;"anchor;wheel;spades;mercury"
tornej;NA
tornirisk;zoo
torpelig;NA
toslagere;NA
tost;NA
tot;NA
tov;anchor
tove;NA
tovre;NA
trads;NA
tradselig;NA
tragt;NA
tragte;NA
tral;NA
tralle;NA
tralle?;NA
trampe;"fri;mad"
tran;NA
trane;bird
tranehals;flower
trang;NA
trante;NA
trappe;byg
trappedrager;NA
trappedreger;NA
trav;swords
trave;zoo
travn;NA
tremet;NA
tremme;ark
trent;NA
tresor;NA
tresur;NA
tribalt;NA
tribut;NA
tridse;NA
trille;NA
trilling;NA
trimet;NA
trind;NA
trindel;NA
trip;NA
trippe;NA
trisse;hån
tro;NA
trods;psy
trodselig;NA
trolig;NA
trolove;NA
trometere;NA
tromme;msk
trommetere;NA
trompe;NA
trompere;NA
trompet;"music;fish;anchor;swords"
trop;NA
tros;swords
trosse;hån
trukke;NA
trumpe;NA
trumpeslaere;NA
trumpeslagere;NA
trygle;kom
trygler;NA
tryglere;NA
trykke;NA
træd;NA
træde;"kom;erh;mil;dan;tea"
træffelig;NA
trægt;NA
træk;NA
trække;"tek;spi;bol;han;fyo;øko;spo;sex;fys;mil;med;edb"
træmme;NA
trænge;NA
trængsel;NA
træring;NA
træsk;NA
træsor;NA
træsur;NA
træt;NA
trøgle;NA
trøglere;NA
trøj;NA
trøje;NA
trøjedus;NA
trøle;NA
trøler;NA
trøst;NA
trøste;NA
traad;NA
tråde;NA
tub;NA
tubin;NA
tud;ana
tude;NA
tudehorn;NA
tugt;NA
tugte;NA
tugtelig;NA
tugtemester;NA
tugtemestere;NA
tugtig;NA
tugtighed;NA
tugtmestere;NA
tugtughed;NA
tumle;psy
tumler;bird
tumpe;NA
tun;NA
turbit;NA
ture;NA
turig;NA
turkeland;NA
turkis;NA
turlig;NA
turnere;NA
turteldue;zoo
tusindblad;flower
tusindfold;NA
tusindkunstner;NA
tusk;NA
tuske;han
tuskeri;NA
tusse;NA
tut;NA
tutte;NA
tvar;NA
tvebak;NA
tvedragt;comet
tvedragtig;NA
tvedragtighed;NA
tvedrægt;NA
tvedrægtig;NA
tvedrægtighed;NA
tvefoldig;NA
tvefoldighed;NA
tvefærdig;NA
tvege;NA
tvi;NA
tvidragt;NA
tvidragtig;NA
tvidrægt;NA
tvidrægtig;NA
tvil;NA
tvilagtig;NA
tvilagtighed;NA
tvile;NA
tvilelig;NA
tvist;jur
tviste;NA
tvistig;NA
tvivl;NA
tvivlagtig;NA
tvivlagtighed;NA
tvivle;NA
tvivlmod;NA
tvivlmodig;NA
tværs;"anchor;mercury"
ty;NA
tygt;NA
tygtighed;NA
tygtughed;NA
tykke;NA
tymle;NA
tynd;anchor
tyr;NA
tyran;NA
tyranne;NA
tyre;NA
tyrk;NA
tyskendæk;anchor
tysse;NA
tyveri;NA
tæge;zoo
tænke;"psy;kom"
tænkebog;NA
tænkebrev;NA
tæppe;"bol;tea"
tæppede;NA
tære;"kem;hel"
tærer;NA
tærge;NA
tærling;NA
tærning;NA
tærske;NA
tærskel;anchor
tærtelig;NA
tærtet;NA
tæve;zoo
tøddel;NA
tøffel;tøj
tøj;swords
-tøj;sad
tøje;NA
tøjel;NA
tøjte;NA
tømmer;anchor
tømmermand;anchor
tønde;anchor
tørk;NA
tørne;"anchor;wheel"
tørst;NA
tøve;NA
tøvre;NA
taabe;NA
taag;NA
tåge;NA
taage;swords
taal;NA
taale;NA
tålsmand;NA
tårn;"ark;spi"
taarn;"anchor;swords"
uadel;NA
uafladelig;NA
uagtet;NA
uanset;NA
uart;NA
uartig;NA
ubarmelig;NA
ubarmhjertig;NA
ubegiven;NA
ubegribelig;NA
ubehag;NA
ubehjælpelig;NA
ubehjælpsom;NA
ubehørlig;NA
ubekendt;NA
ubekvem;NA
ubekvemmelig;NA
ubekymret;NA
uberedt;NA
uberugtet;NA
uberygtet;NA
uberaad;NA
ubeskadiget;NA
ubeskedelig;NA
ubeskeden;NA
ubeskedenhed;NA
ubeskedenlig;NA
ubeskedentlig;NA
ubeskeenhed;NA
ubeskrivelig;NA
ubeskaaret;NA
ubesmittet;NA
ubestandig;NA
ubesværet;NA
ubetalt;NA
ubetænkelig;NA
ubetænkt;NA
ubevant;NA
ubevaren;NA
ubevendt;NA
ubevidst;NA
ubevægelig;NA
ubevåren;NA
ubillig;NA
ubrødelig;NA
ubændig;NA
ubørlig;NA
udarbejde;NA
udbede;NA
udblæse;"wheel;swords"
udborge;NA
uddrag;mercury
uddragt;NA
udeblive;NA
udeglig;NA
udelade;NA
udelelig;NA
udfalde;anchor
udfeje;NA
udfetalje;NA
udflugt;NA
udflugtisk;NA
udfly;NA
udflaad;NA
udfordre;spades
udfærdige;NA
udfølge;NA
udføre;"anchor;mercury"
udgift;mercury
udhøkre;NA
udkejse;NA
udkejsning;NA
udkese;NA
udkige;NA
udkomst;NA
udkrejere;NA
udkræfte;NA
udkvælde;NA
udlade;NA
udligger;NA
udlosse;NA
udluge;NA
udlægge;"anchor;wheel;currency"
udlægger;"spades;wheel;anchor"
udlændig;NA
udlændisk;NA
udlændsk;NA
udlæse;NA
udperse;NA
udpæle;NA
udrede;NA
udrette;NA
udrettere;NA
udse;NA
udsknide;NA
udskrive;NA
udstede;mercury
udstryge;NA
udstyre;NA
udstyrte;NA
udstyrting;NA
udstyrtning;NA
udstæde;NA
udstøde;wheel
udstaa;NA
udsælge;mercury
udsætning;swords
udsætte;"swords;anchor;music;wheel"
udsætter;swords
udtappe;NA
udtegne;NA
udtinge;NA
udtjene;NA
udtog;NA
udtolke;NA
udtrykke;NA
udtrække;NA
udtrænge;NA
udtvinge;NA
udtyde;NA
udtælje;NA
udtælle;NA
udtære;NA
uduelig;NA
udvagt;NA
udvaske;NA
udveje;NA
udvendig;NA
udvige;music
udvippe;NA
udvise;mercury
udvising;NA
udviske;swords
udvisning;NA
udvortes;NA
udygtig;NA
udyldig;NA
udædere;NA
udædig;NA
udæske;NA
ueffen;NA
uendelig;NA
uendig;NA
ufejlig;NA
ufelig;NA
ufinlig;NA
uflid;NA
uflødig;NA
uforbigængelig;NA
uforborget;NA
uforbrødelig;NA
ufordragelig;NA
ufordægtig;NA
uforfaren;NA
uforfængelig;NA
uforfærdet;NA
uforgribelig;NA
uforgængelig;NA
uforklaget;NA
uforlagt;NA
uforlignelig;NA
uforlovet;NA
uformodende;NA
ufornuft;NA
uforrette;NA
uforsagt;NA
uforseende;NA
uforseendes;NA
uforsigtelig;NA
uforsigtig;NA
uforskammet;NA
uforskamt;NA
uforskrevet;NA
uforskæmmet;NA
uforskæmt;NA
ufortrøden;NA
ufortøvet;NA
uforvandelig;NA
uforvandes;NA
uforvandlig;NA
uforvarende;NA
uforvindelig;NA
uforårsaget;NA
ufærdig;NA
uføje;NA
uføjelig;NA
uge;NA
ugelspegel;NA
ugelspel;NA
ugemen;NA
ugle;bird
uglspil;NA
uhyr;NA
uhyre;NA
uhyrlig;NA
uhørlig;NA
uhørsam;NA
uhørsom;NA
uhørsomme;NA
uhørsommelig;NA
ukrud;NA
ukrudt;hav
ukunstig;NA
uld;NA
uledighed;NA
ulejlighed;NA
ulempe;anchor
ulidelig;NA
uliderlig;NA
ulm;flower
ulspegel;NA
ulspel;NA
ulust;NA
ulv;NA
ulykke;"ber;hel"
ulykkelig;NA
ulyst;psy
umage;NA
umanerlig;NA
umbevaren;NA
umbevåren;NA
umenneskelig;NA
umulig;NA
umyndig;NA
umægtug;NA
umær;NA
umaade;NA
umaadelig;NA
und;NA
und-;NA
unddrage;NA
unde;NA
unden;NA
under;"anchor;swords;mercury"
underbringe;swords
underbygge;NA
underdan;NA
underdanig;NA
underdykket;NA
undergang;NA
undergange;NA
undergive;NA
undergrave;NA
undergå;NA
undergaa;NA
underhold;NA
underholde;NA
underholdning;NA
underhus;NA
underhyre;NA
underkaste;NA
underkøb;NA
underkøbe;NA
underlade;NA
underlag;NA
underlegen;NA
underlig;NA
underligge;NA
underlægge;NA
underløbe;anchor
undermester;NA
undermænge;NA
underpant;NA
underretning;NA
underrette;NA
underrykke;NA
undersked;NA
underskede;NA
underskedelig;NA
underskeding;NA
underskedlig;NA
underskedning;NA
underskrive;mercury
underslag;anchor
underslaa;anchor
underst;NA
understa;NA
understande;NA
understikke;spades
understundem;NA
understunden;NA
understundum;NA
understøndem;NA
understøndum;NA
understøtte;NA
understå;NA
understaa;NA
undersætte;music
undersøge;NA
undersåt;NA
undersaat;NA
undertiden;NA
undertidene;NA
undertrykke;NA
undertræde;NA
undertrænge;NA
undertråde;NA
undertvinge;NA
undervejs;NA
undervinde;NA
undervise;und
undervisning;NA
undervoksen;NA
underværk;NA
undfalde;NA
undfange;bio
undfare;NA
undfly;NA
undflyve;NA
undfri;NA
undføre;NA
undgeld;NA
undgælde;NA
undgaa;NA
undholde;NA
undkomme;NA
undlade;NA
undledige;NA
undlive;NA
undløbe;NA
undre;NA
undrede;NA
undrende;NA
undride;NA
undrykke;NA
undrømme;NA
undse;psy
undse sig;NA
undsegle;NA
undsejle;NA
undsige;NA
undskulde;NA
undskylde;NA
undskyldige;NA
undslå;NA
undslaa;NA
undspringe;NA
undstande;NA
undstikke;NA
undsæt;NA
undsætning;swords
undsætte;swords
undvende;NA
undvige;kri
undvære;NA
undværge;NA
unge;NA
ungeld;NA
unseguld;NA
unuttig;NA
unuttug;NA
unyttig;NA
unyttug;NA
unødig;NA
unaade;NA
upligt;NA
upligtelig;NA
upligteligen;NA
upligtig;NA
ur;"ast;bio"
urede;NA
uredelig;NA
urene;NA
urenige;NA
urette;NA
urettighed;NA
urhane;bird
urigtig;NA
urimelig;NA
urt;NA
urtegaard;NA
uråd;NA
uraad;NA
uraadig;NA
usindig;NA
usindighed;NA
uskaffet;NA
uskik;NA
uskikkelig;NA
uskyld;NA
uskyldelig;NA
uskyldig;NA
uskyldighed;NA
usmagelig;NA
usmittet;NA
ustorm;NA
ustyr;NA
ustyrlig;NA
usund;wheel
utaknem;NA
utemmelig;NA
uterig;NA
uterlig;NA
utoet;NA
utugt;NA
utugtelig;NA
utugtig;NA
utygt;NA
utøj;NA
uvidskab;NA
uvildig;NA
uvilje;NA
uvitterlig;NA
uvittig;NA
uædel;NA
uægte;mercury
uår;NA
uaar;NA
vad;NA
vade;NA
vadmel;NA
vadsæk;NA
vagt;"erh;byg;kom;psy"
vagte;NA
vagtel;zoo
vagtpenge;NA
vagtpenninge;NA
vajd;flower
vaje;anchor
vajmel;NA
vak;NA
vakandelbær;NA
vakkerlig;NA
vakkerligen;NA
vakle;NA
val;anchor
vale;NA
valen;NA
valfart;NA
valkemølle;NA
valkmølle;NA
valle;NA
valmel;NA
valning;NA
valnød;flower
valravn;NA
valse;NA
valstad;NA
valsted;NA
valtre;NA
vams;NA
van;NA
van-;NA
vanbyrdig;NA
vandbakkelse;bag
vande;"anchor;swords"
vandel;NA
vandelbar;NA
vandkalv;NA
vandkarse;flower
vandkrukke;NA
vandkunst;NA
vandle;NA
vandløsning;NA
vandre;"fri;zoo;hån"
vandring;anchor
vandsnider;NA
vandsten;NA
vange;NA
vanke;NA
vankel-;NA
vankelbar;NA
vanmagt;NA
vanne;wheel
vanrygtig;NA
vanskabt;NA
vant;anchor
vantmager;NA
vantro;NA
varagtig;comet
varde;anchor
vardemand;NA
vare;han
varere;NA
varetårn;NA
varetaarn;NA
varig;NA
varmel;NA
varmgar;NA
varp;anchor
varpe;søf
varsige;NA
varsko;kom
vartavl;NA
varte;NA
vartegn;NA
varulv;myt
vaske;"hyg;gel"
vaterkarse;NA
vaterkårse;NA
vaterspil;NA
vattersot;med
vav;flower
ve;NA
ved;quad
vedage;NA
vedaske;NA
vedbend;flower
vede;NA
veder-;NA
vederbugtet;NA
vederdøbe;NA
vederdøber;NA
vederfare;NA
vederfares;NA
vedergæld;NA
vedergælde;NA
vederhage;NA
vederkvæge;NA
vederlag;øko
vederlig;NA
vederlyd;NA
vederlægge;NA
vedermod;NA
vedermodig;NA
vederpart;NA
vederråbe;NA
vedersige;NA
vederskin;NA
vederspil;NA
vederspring;NA
vederspændig;NA
vederspændighed;NA
vederstand;NA
vederstande;NA
vederstræbe;NA
vedervilje;NA
vedervordig;NA
vedervordighed;NA
vederværdig;NA
vederværdighed;NA
vedsle;NA
vedstande;NA
vedstaa;NA
veglig;NA
vegne;NA
vegre;NA
vej;anchor
vejbred;bot
vejde;NA
vejdemets;NA
vejdeværk;NA
veje;comet
vejebod;NA
vejepenge;NA
vejer;NA
vejerhus;NA
vejleje;NA
vejmets;NA
vejr;"comet;anchor;mercury"
vejre;NA
-vejs;NA
veksel;mercury
veksle;NA
veksler;wheel
velbefald;NA
velbefalde;NA
veldædig;NA
velfard;NA
velfare;NA
velfart;NA
velfærd;NA
velfært;NA
velgefald;NA
velkom;NA
velkomme;NA
velkommen;NA
velladende;NA
vellyst;NA
vellyste;NA
vellystig;NA
velstand;øko
velvillig;NA
vemod;NA
vemodelig;NA
vemodeligen;NA
vemodig;NA
vemodighed;NA
vende;NA
vendekaabe;NA
vendisk;NA
vene;NA
venen;NA
venlig;NA
venneke;NA
vennike;NA
verdslig;NA
vermod;NA
vermut;"mercury;flower"
verne;NA
vervordig;NA
verværdig;NA
vessel;NA
vesselhorn;NA
vesten;NA
vestersjø;NA
vestersø;NA
vestfaler;NA
vestvært;NA
vibe;bird
vibelle;NA
vid;NA
vidde;NA
vide;NA
videlig;NA
vidende;NA
videnhed;NA
videnskab;"vid;rel"
videntlig;NA
viderlig;NA
viderværdig;NA
vidie;flower
vidne;swords
vidskab;NA
vidtleftig;NA
vidtluftig;NA
vidtløftig;NA
vidtløftighed;NA
vidue;NA
viebiskop;NA
viebisp;NA
viekost;NA
vielse;NA
vig;NA
vigbelle;NA
vigt;NA
vigtig;psy
vikke;flower
vildbane;NA
vildbrad;NA
vilde;NA
vildnis;NA
vildt;"zoo;mad"
vildtbane;NA
vildtværk;NA
vildværk;NA
vilkår;jur
vilkaar;NA
vilkåre;NA
vilkaare;NA
ville;plus
villig;"mercury;anchor"
villiglig;NA
vimle;NA
vimmel;NA
vinde;"anchor;"
vindearmborst;NA
vindearmbrøst;NA
vindeldug;NA
vindelsnor;NA
vindelsten;NA
vindetakkel;NA
vindfang;"bol;tøj"
vindhund;NA
vinding;NA
vindrue;NA
vindvaage;NA
vinfoalader;NA
vinforlader;NA
vinke;NA
vinkel;"swords;wheel"
vinlag;NA
vinmand;NA
vinrude;flower
vinsten;flower
vinterlag;NA
vippe;NA
virak;NA
vire;NA
virk;NA
virok;NA
vis;NA
-vis;spr
vise;"anchor;spades"
viselig;NA
viser;NA
vished;NA
visitats;NA
viske;swords
visning;NA
visple;NA
visse;NA
visselig;NA
vissen;NA
vissing;NA
vitterlig;NA
vitterlighed;NA
vittig;NA
vitve;NA
vivel;NA
vlies;NA
vod;NA
vogehals;NA
voghals;NA
vogndriver;NA
vogndrivere;NA
vognskud;NA
vogte;NA
vok;NA
voks;NA
voksnæse;NA
vol;NA
vold;NA
volde;NA
voldelig;NA
voldsager;NA
voldsom;NA
volme;NA
voltre;NA
volverlej;bot
vom;NA
vonske;NA
vorte;NA
vove;NA
vovehals;NA
vrag;"anchor;mercury"
vrag-;NA
vrage;NA
vrager;NA
vragere;NA
vragfisk;fish
vraggods;mercury
vragsild;NA
vragsten;NA
vrampet;NA
vrang;NA
vrangel;NA
vranges;NA
vranten;NA
vrede;NA
vredelig;NA
vredes;NA
vrikke;anchor
vrille;NA
vrimle;NA
vrimpe;NA
vringe;NA
vringel;NA
vrinsk;NA
vrippe;NA
vrippen;NA
vrist;NA
vræge;NA
vrænge;NA
vræt;NA
vrøge;NA
vråde;NA
vraade;NA
vråge;NA
vule;anchor
vunde;med
vundenkrud;NA
vunder;NA
vunderlig;NA
vundkrud;NA
vundre;NA
vurde;NA
vurdere;NA
vurst;anchor
væbne;NA
væbner;NA
væbnere;NA
væd;NA
vædde;NA
vædde-;NA
væddeløb;spo
væddemestere;NA
væddeskat;NA
vædje;NA
væge;wheel
vægerlig;NA
vægge;NA
vægre;NA
vægt;anchor
vægter;NA
vægtig;NA
væk;psy
væld;NA
vælde;NA
vældelig;NA
vældener;NA
vælder;NA
vældig;NA
vældige;NA
vælig;NA
vælling;mad
vælsk;NA
vænne;NA
vær-;NA
væraftig;NA
væragtig;NA
værde;NA
værdes;NA
værdig;NA
værdige;NA
værdskab;NA
værduge;NA
være;NA
værft;anchor
værge;NA
værgebo;NA
værgeløs;NA
værhaftig;NA
værje;NA
værjeagtig;NA
værk;tin
værker;NA
værkere;NA
værkfad;NA
værkmester;NA
værksted;"hån;soc"
værktøj;wheel
værn;NA
værne;NA
værpe;NA
værre;NA
værskab;NA
vært;"gas;bol;fje;bio"
værtinde;NA
-værts;NA
værtskab;NA
væsel;NA
væsen;NA
væsende;NA
væsenlig;NA
væsentlig;NA
væske;NA
vætte;NA
væve;NA
vævle;NA
vævling;anchor
vaabenhus;NA
våbentøg;NA
vaag;NA
vaage;NA
vål;NA
vålkemølle;NA
vålkmølle;NA
vaan-;NA
våne;NA
våner;NA
våning;bol
vaaning;NA
våningshus;ark
våntro;NA
vårtegn;NA
vaase;NA
weichsel;flower
yde;NA
yder-;NA
yderlig;NA
yderst;mercury
ydre;swords
ylde;NA
yngermand;NA
yngling;NA
yppe;NA
yppere;NA
ypperst;NA
yppig;NA
ytre;kom
yver;NA
ædel;NA
ædelhed;NA
ædelig;NA
ædeling;NA
ædelmand;NA
ædelsten;NA
ædle;NA
ædling;NA
æg;NA
ægge;NA
æggehvide;NA
æggeost;NA
ægget;NA
æggetøj;NA
ægstaal;NA
ægt;NA
ægte;"fam;tøj"
ægtebrev;NA
ægtelig;NA
ægtemand;NA
ægteskab;"fam;jur"
ægteviv;NA
ægtig;NA
ægtug;NA
ælde;NA
ældre;NA
ældst;NA
æmtyr;NA
ængste;NA
ængstelig;NA
æragtig;NA
ærbar;sex
ærbarhed;NA
ærbødig;mercury
ære;"scl;psy;mil"
æreklæder;NA
æreløs;NA
ærfast;NA
ærgerrig;psy
ærgre;NA
ærlig;NA
ærlighed;NA
ærnfast;NA
ærsam;NA
ærsom;NA
ært;flower
ærværdig;NA
æsel;zoo
æske;NA
ætse;NA
æventur;NA
æventure;NA
æventyr;NA
æventyre;NA
æver;NA
æverlig;NA
ø;NA
øbe;NA
øge;NA
øgeblik;NA
øgenblik;NA
øgenskalk;NA
øgeskalk;NA
øgle;NA
øje;NA
øjeblik;"nat;psy"
øjeled;NA
øjenblik;NA
øjenskalk;NA
øjenskinlig;NA
øjensynlig;NA
øjentjener;NA
øjentrøst;flower
øjeæble;NA
øjneflod;NA
øjæble;NA
ønske;NA
ørefigen;NA
ørfigen;NA
ørs;NA
øse;NA
øsken;NA
øst;anchor
østen;anchor
øster;NA
østersk;NA
østersø;NA
øve;NA
øvrig;NA
øvrighed;NA
aabenbar;NA
aabenbare;NA
aabenbarelse;NA
åbenbaring;NA
aabenbarlig;NA
ådre;NA
aandepusten;NA
aar;NA
åre;NA
aaremaal;NA
årsag;NA
aarsag;NA
årsage;NA
aarsage;NA
aas;NA
aavending;NA
