lemma;tags
Abbedi;
Abinde;
adre;
Advent;
afbede;comet
afbigt;
Afbræk;
Afbud;
affinde;
affældig;fyo
affældig;
affærdige;
Affærdige;
Afgrund;
Afgud;
Afguderi;
afgudisk;
Afgunst;
afgaa;"swords;anchor"
afhandle;
Afhandling;
Afhude;
Afjage;
afkorte;"wheel;swords"
aflad;rel
Aflad;comet
aflade;
Afmagt;comet
Afmane;
afmægtig;
Afperse;
Afside;
afsindig;
afsked;erh
Afsked;
afskede;
Afsnitte;
afsondre;
afspændig;
afstille;wheel
afstaa;
aftinge;
Aftræd;
Agerum;flower
agt;mil
Agt;"swords;comet"
agtbar;
agte;
agte;
agter;søf
agter;anchor
Agterstand;
Agtertanke;
-agtig;
Agting;
Agtning;
Ajle;
ak;
ak;
Akeleje;flower
al;
Alant;flower
Alderdom;
Aldermand;
alene;
alene;
allerede;
allerede;
alligevel;
alligevel;
Allike;
almisse;rel
Alrune;flower
alsted;
altid;
altid;comet
alting;spr
alting;
Alun;
alvor;psy
Alvor;
alvældig;
ambolt;"sme;ana"
Ambolt;
Amdam;
Ame;
ample;
amt;oad
Amt;
an;"swords;mercury"
An;
Andagteligen;
andel;scl
Andel;
Andel;
Andeputte;
andrage;comet
andrik;zoo
Andrik;
Andrik;
Andvord;
ane;fam
Ane;comet
anfald;"med;psy"
Anfald;
Anfald;
anfalde;
Anfare;
anfægte;
Angang;
Angel;"comet;wheel"
angelegen;
Angest;
angive;
Angreb;wheel
angribe;
Angst;
angælde;
angaa;
anhang;
Anhang;
anholde;
Anhær;
anke;
Anker;"anchor;wheel"
anklage;jur
anklage;
ankomme;trf
ankomme;
ankomst;trf
Ankomst;
anlange;
anligge;anchor
anlægge;"byg;jur"
anlægge;"anchor;mercury"
anløbe;wheel
anmasse;
anmode;
Anmærke;
annamme;
Anpart;
Anpart;
anrette;
Anrigter;
anrøre;
anråbe;rel
anraabe;swords
anse;
ansige;
ansigt;ana
Ansigt;
anskrig;kom
Anskrig;
Anskrig;
anslag;"msk;rad"
Anslag;"swords;wheel;music"
anslaa;
anstand;jur
Anstand;
anstikke;
anstille;
anstille;mercury
anstød;"rel;sex"
Anstød;
anstøde;
anstå;
anstaa;
ansætte;"erh;øko"
ansætte;"swords;anchor;wheel;music"
ansøge;kom
ansøge;
Antal;
Antal;
antaste;
Antaste;
Antræd;
antræde;swords
antvorde;
Anverper;wheel
anvise;kom
anvise;mercury
Anvise;
arbejde;"erh;fys;hån"
arbejde;"anchor;wheel;mercury"
Arbejde;"wheel;swords"
arge;
Ark;
Arkeli;"swords;anchor"
armbrøst;våb
Armbrøst;
armod;øko
Armod;
Armtøj;
Aron;
art;bio
Art;
Arvesaat;
avnbøg;bot
Avnbøg;flower
bagvaske;
Baj;mercury
bakke;bol
Bakke;
Bakkelse;
baldre;
Baldrian;flower
balg;våb
Balg;comet
balje;bol
Balje;anchor
Ball;
ballast;"tra;psy;jer;søf"
Ballast;"anchor;wheel"
Ballast;
ballaste;anchor
Ballaste;
Balle;"wheel;mercury"
Balle;
balstyrig;
balstyrisk;
bane;"trf;spo;nat;fri;jer"
bane;
bane;
Bane;wheel
bange;
Banner;swords
-bar;
Barat;
barber;frs
Barber;fish
barde;zoo
Barde;
bardus;
bardus;
bare;
bare;
Barfred;
Bark;
Barker;
barmhjertig;rel
barmhjertig;
Barnefod;
Barnsten;
bars;zoo
Barse;
Bart;
Bastert;
Basun;music
bavse;
be-;
be-;
Bean;
bebinde;
bebreve;
bebude;kom
bebude;
Bed;
bede;zoo
bede;
Bede;
Bede;
Bedrag;
bedrage;"kri;sex"
bedrage;
bedragelig;
bedre;
bedrift;"erh;lan"
Bedrift;
Bedring;
bedrive;"pol;vid"
bedrive;
bedryppe;
bedrøve;
bedrøve;
bedrøvelig;
Bedrøvelse;
bedrøvet;
Bedække;
Bedække;
bedåre;psy
Bedåre;
bedaare;
Befal;
befalde;
befale;"kom;mil"
befale;swords
Befaling;swords
befangen;
befatte;
befatte;
befinde;
befrede;
befri;
befri;
befrygte;
Befrynden;
befryse;
befænge;hel
befænge;
befæste;swords
befæstige;
beg;kem
Beg;mercury
begabe;
bege;
Begifte;
begive;"mercury;anchor"
begrave;
begreb;fil
Begreb;
begribe;
begribe;
begribelig;
begræde;
begynde;erh
begynde;
Begyndelse;
Begynder;
Begængelse;
begær;psy
Begær;mercury
begære;jur
begære;
Begæring;
begærlig;
begærlig;
begå;kri
begaa;comet
behag;psy
Behag;
behage;
behage;
behagelig;mercury
behandle;
Behjælp;
behjælpe;
behjælpelig;
behjælpelig;
behold;red
Behold;
beholde;
beholde;anchor
behov;
Behov;
behov;
behude;
behugge;wheel
behuse;
behytte;
behæfte;
Behægte;
behænde;
behændig;fyo
behændig;
Behør;
behøre;
behørig;
behørlig;
behøve;
behøvelig;
Behøvig;
Bejage;
bejle;comet
Bejtel;wheel
bekende;"rel;spi"
bekende;spades
Bekendelse;
bekendt;anchor
Bekere;
beklaffe;
beklage;kom
beklage;mercury
beklemme;
beklemmelse;psy
beklemmende;psy
beklemt;psy
beklæde;
beknibe;anchor
bekomme;
bekomme;comet
bekoste;
Bekostning;
bekrybe;
bekræfte;"kom;jur;psy"
bekræfte;"mercury;anchor"
bekvem;hav
bekvem;anchor
bekvemme;
bekvemmelig;
Bekymmer;comet
bekymre;psy
bekymre;
Bekymring;
Bekyndige;
bekøbe;
belade;
Belag;
belange;
belaste;"øko;fys"
belaste;"wheel;mercury"
bele;
belejlig;
belejre;mil
belejre;
belemre;
beleve;
Beleve;
beleven;
beligge;
Belob;
belove;
Belykke;
belyve;
belægge;"swords;anchor"
belære;
beløbe;
belønne;
bemande;anchor
bemantle;
bemure;
bemægtige;
bemægtige;comet
bemøde;
bemøje;
bemøje;
benove;
benægte;
benøje;
benåde;kri
benaade;
beordre;scl
beplante;
bepligte;
Beram;
beramme;jur
beramme;
berede;"kom;psy"
berede;
beredt;
berende;"swords;comet"
berette;kom
berette;
Berggesel;
Berggeselle;
beride;
berige;øko
berige;
Berige;
beringe;"swords;comet"
Berme;swords
Bernsten;
Bertram;flower
berygte;
Berøm;comet
berømme;
berøre;"fyo;psy;kom"
berøre;
berøve;"kri;psy"
berøve;
beråbe;kom
beraabe;
beraad;
Beraad;
beraade;
besat;
bese;
bese;
besegle;
besegle;
besejle;søf
besejle;anchor
besidde;
besidde;
besige;
besigtige;
besinde;
beskadige;mercury
beskaffe;
beskaffen;
beskanse;
beskatte;ska
beskatte;
besked;"kom;edb"
Besked;comet
beskeden;
beskedenlig;
beskide;
beskidt;"hyg;kri"
beskikke;"oad;jur"
beskikke;
beskrive;kom
beskrive;
Beskudding;
beskue;
beskyde;våb
beskyde;swords
Beskyt;
beskytte;jur
beskytte;"mercury;anchor"
beskænke;nyd
beskænke;
beskære;"øko;bot;fot"
beskære;
beskærme;
beskærme;
Beslag;
beslutte;
beslutte;
beslægtet;music
beslægtiget;
Beslægtiget;
beslå;sme
beslaa;anchor
besmitte;"rel;sex"
besmitte;
besnilde;
besolde;
bespare;
bespejde;
bespise;gas
bespise;wheel
bespy;
bespænde;swords
bespørge;
Bestand;
bestandig;
bestede;comet
bestemme;anchor
bestige;zoo
bestige;
bestikke;jur
bestille;erh
bestille;
Bestilling;
bestolde;
bestride;"jur;erh;øko"
bestride;
bestrikke;
bestryge;mil
bestryge;swords
bestyre;
bestyre;anchor
bestaa;
besvige;
besvige;
besvime;fyo
besvime;
Besvime;
Besvær;comet
Besvær;
besvære;
besværge;rel
besværge;
besynderlig;
besynderlig;
besætte;"mil;pol;rel"
besætte;"anchor;swords;spades;music"
besøge;
besøle;
besørge;zoo
besørge;
betage;psy
betage;
betakke;kom
betakke;
betale;øko
betale;mercury
Betale;
betegne;"spr;kom"
betegne;
betids;
betids;
betinge;med
betinge;mercury
betragte;
betragte;
betro;
betro;
Betryk;
Betryk;
betrykke;
betræde;comet
betrænge;
betrængt;soc
betuttet;psy
betvinge;
betvinge;comet
betyde;spr
betyde;
betække;
betænke;psy
betænke;
betænkelig;
bevandre;
bevant;
bevare;"rel;ark"
bevare;
bevare;
bevende;comet
bevilge;øko
bevilge;
Bevilling;
bevise;jur
bevise;
bevislig;
bevæge;psy
bevæge;
Bevæge;
bevægelig;
bevaagen;
bi;anchor
Bibel;
bifalde;psy
bifalde;comet
Bigat;anchor
Bigtpenge;
Bikke;wheel
Bikkel;
Bil;"wheel;anchor"
Bil;
Billede;spades
billig;"øko;sex"
billig;
Billig;
Bindike;
Bindsel;anchor
Bindt;
Bindøkse;wheel
Birk;
bislag;ark
Bislag;
Bislopperske;
bismer;fsk
Bismer;
bismervægt;fsk
bisse;
bistand;soc
bister;psy
bister;
Bisterlig;
bistre;
bistå;"øko;kom"
bistaa;
Bit;
bitte;mål
Bitte;
bitter;
bitterlig;
blabre;
blank;"opt;fsk;typ;mil"
blank;spades
Blege;fish
blegne;"ana;med"
Bles;
Blide;
blik;mtl
Blik;wheel
blikke;"wheel;comet"
blinke;
Blis;
blive;"spr;øko"
blive;
Blive;
Blixen;
blok;"gel;hån;byg;pap;pol;frm;tek"
Blok;"anchor;wheel;spades;comet"
blokke;
blokke;comet
blomme;bot
blot;
blot;
Blot;
blotte;swords
Blus;anchor
Bly;
Blyant;
Blyglætte;
blæne;med
blænker;mil
Blænker;swords
Blødelse;
boble;
Boble;
Boble;
bodfærdig;rel
bodfærdig;
bog;bot
Bog;
bogfinke;zoo
Bogfinke;bird
boghvede;bot
Boghvede;flower
bokse;
Bol;
bold;
bold;
bole;sex
bole;
Bole;
Bolle;
Bolle;wheel
Bolskab;
Bolt;anchor
Bolt;
bolværk;hvn
Bolværk;
bom;"trf;spo;ski"
Bom;"anchor;swords"
Bommesi;
Bomolie;
Bomuld;
bone;
Bopæl;
borde;søf
borde;anchor
Borg;
borge;
borge;
Borgeleje;comet
Borger;
Borgerskab;anchor
Borgerske;
borgmester;"pol;oad"
Borgmester;
Bort;
boulevard;trf
Boveri;
bovspryd;ski
Brad;
Brad;
Bradbænk;anchor
brade;
Bradspid;
Brage;
brage;
brage;
brak;
brak;
Bram;
Bras;
brase;
Brase;
brase;
Brase;
Brasem;
Brasen;fish
brask;
Brask;
braske;
Brasse;
Bregne;flower
bremse;aut
Bremse;
bremse;
Brik;
Briks;anchor
Brille;"wheel;anchor;swords"
bringe;kom
bringe;"spades;anchor"
Bringe;
Brink;swords
brise;met
Brist;
brok;med
Brok;
brokfugl;zoo
Brombær;flower
Brosme;fish
brovte;kom
brug;
Brug;
bruge;
bruge;comet
Brum;
Brum;
brumle;
brumme;spr
brumme;kri
brumme;music
brunere;
bruse;hav
bruse;comet
Bry;
bryde;
bryde;
Bræk;
brække;"med;hån"
brække;"anchor;swords"
brækkelig;
bræmme;
bræmme;
bræmme;
Bræmme;
Bræmme;
brændevin;drk
Brændevin;
Brændevin;
Brændvin;
bræt;"tøm;spi;bol;tea"
Bræt;
Brøde;
Brødsukker;
brøstfældig;ark
buddike;bot
Buddike;
bue;
Bugbid;
Bugspryd;"comet;anchor"
bugt;geg
Bugt;anchor
bukke;ana
bukke;wheel
Buksbom;flower
Bukse;
Bulder;
buldre;
bule;fyo
bule;
Bule;
Bule;
Bule;
Bumester;
Bundt;"music;swords"
Bunke;
Buntemagere;
buntmager;skr
Buntmager;
Buntmagere;
burde;
bursk;
Bursprog;comet
bussemand;hyg
Busseskib;comet
bydle;
byge;
bylt;
Bylt;
Bynne;
Byse;
bytte;zoo
Bytte;
bytte;spades
Bægt;
bækken;"ana;sun;msk;gel"
Bækken;
bære;"music;anchor;swords"
bærme;"nyd;lan;scl"
Bærme;
bæst;zoo
Bæst;
Bæve;
Bæver;
Bævergejl;
bøddel;
Bøddel;spades
Bøddele;
Bødker;
Bøffel;
Bøje;"swords;anchor"
Bøje;
Bøjert;anchor
Bølge;
Bønhas;
bønhase;
bør;"tøj;hav"
Bør;anchor
børlig;
bøsse;"våb;sex"
Bøsse;swords
Bøssekrudt;
Bøssesten;
Bøtte;
både;
Baade;
baade;
Baadsmand;anchor
båke;hvn
Baake;anchor
Baare;swords
Celle;"anchor;wheel"
chartek;
daddel;bot
Daddel;flower
Dagting;comet
dagtinge;
dale;
dale;
Dale;
Damas;
Damask;
Damask;
-dan;
danne;pæd
dannekvinde;
dannemand;
Dat;
Datlig;
Datum;
Deger;mercury
dejlig;
dejlig;
dejse;anchor
del;"und;tek;mål"
Del;comet
delagtig;
delagtig;
dele;"mat;edb"
Dele;
dele;"comet;swords"
Deromtrent;
desligeste;
Desmer;
Desmer;
desmerdyr;zoo
desmerurt;bot
desto;
Dialesalve;
Digegreve;
digel;kem
Digt;
digte;lit
dirk;
Dirk;
Dise;
Dising;
djærv;
Djærv;
djævelsk;
Dobbe;
Dobbel;
dobbelt;"comet;music;swords;anchor"
doble;
dog;
dog;
dogge;anchor
dok;"ski;hvn"
dol;
Dole;
dollar;ban
Dolslag;
donkraft;hån
Donkraft;wheel
Drabant;
drabelig;
drabelig;
drage;"myt;lgg;spo;his;zoo"
drage;
drager;"rej;ark"
drager;"rej;ark"
Drager;
Dragesele;
Dragt;
Dranker;
Dravante;
Dravantere;
dreje;"spr;tel;pom;hån;han"
dreje;anchor
Dreje;
Dressel;
driftig;
driftig;
drikfældig;drk
drille;
drille;
driste;
driste;comet
dristelig;
dristig;
Drog;
Dromedar;
drone;"zoo;tek;mil;msk"
Dros;
drossel;zoo
Drossel;bird
Drost;
dru;
Drue;swords
Druebor;wheel
drukkenbolt;drk
Drukkenbolt;
Drukkenbolt;
Drukkenskab;
Drummer;
Drunk;
Dryp;
dryppe;
dryppe;anchor
Dræk;
Dræk;
Dræksjung;comet
drøve;
drøvelig;
Drøvelse;
Dudendop;
dug;tin
Dug;anchor
dugge;
dugt;søf
Dugt;
Dukke;wheel
Dumkøn;
dumrian;
dunder;
Dunder;
dundre;
dundre;
dunk;
Dunst;
Dunst;
Dup;"swords;anchor;wheel"
Durik;
Dus;spades
Dus;
Dusin;
dval;
Dvaledrik;
dvas;
Dvælg;anchor
Dvælg;mercury
dygtig;
dygtig;
dyppe;
dyrebar;
dyrebar;
dyrelig;
Dyring;
Dyst;
dyster;
dyvel;hån
Dække;
dæksel;tek
Dæle;
dæmpe;fys
dæmpe;"music;anchor"
Dæmpe;
dærve;
Dødike;
Dødslag;
døje;
døje;
dørk;ski
Dørns;
Dørslag;swords
døse;
Døsin;
Døssin;
dåb;rel
daaragtig;
dåre;
dåre;
Daare;
daare;
dårekiste;med
Dårekiste;
Daarekiste;
daarlig;
Ebbe;
ebbe;
Ebbe;
Ebe;
eddike;
Eddike;
edsvoren;
effen;
efterdi;
Efterdrage;
efterhaanden;
Efterretning;
eftersom;
Ege;
egentlig;
egentlig;
Egentlig;
Egt;
ejendom;"sam;jur"
Ejendom;
Ejland;
Ejland;
elende;
Elende;
elendig;"fyo;psy"
elendig;
Elfenben;
Elm;"flower;comet"
Embedsmand;
Ende;"comet;anchor"
endelig;"music;swords"
Endesked;
Endig;
Endragt;
endrægtig;
ene;
Ene;flower
ene;
Enhjørning;"comet;swords"
enig;
enke;
enkel;
enkel;
Enkel;
enlig;
enlig;
ens;
Enspænder;
Entlangs;
entre;anchor
Entre;
Entride;
Entvige;
Erbarme;
Erfare;
-eri;
Erkende;
Erlægge;
Ernære;
erobre;
erstatte;jur
Erstatte;
Ervise;
es;"spi;spo"
es;
Es;spades
Eskadre;"anchor;swords"
Esping;
Esse;"comet;s"
etmål;søf
Etmål;
Etmaal;anchor
even;anchor
Eventyr;
eventyre;
evert;skb
Evert;anchor
evig;
evig;
Façon;
fadder;rel
Fadder;
Fadder;
Fadderskab;
Fadderske;
Fadderske;
fade;
Fading;
Fagte;comet
Faldbom;
falk;zoo
Falk;"bird;swords"
Falkeleje;
Falkoner;
Falkonet;
Fals;
falsk;"kri;nat;msk"
Falsk;
falsk;"music;wheel"
falske;
falskelig;
falskner;kri
falskner;kri
Falskner;
famle;comet
Fanden;
fane;"msk;pap;edb;mil"
Fane;"swords;music"
fange;
fange;jag
fange;"anchor;wheel"
Fange;
fangen;
fangst;fsk
Fanke;
Fant;
fare;
Fare;
Farebog;
farlig;spo
farlig;
Farlighed;
Farsot;
Fart;anchor
Fartøj;
farve;"mal;gas;sam;ana;pol;spi"
farve;"mal;kun"
farve;
Farve;"mercury;spades"
farvelade;kun
Farver;
fastelavn;rel
Fastelavn;
fatte;swords
Feber;
Fedel;music
fedtegrever;gas
fejde;
fejde;
Fejde;
fejde;comet
feje;"hyg;zoo"
feje;
Fejefyr;
fejl;anchor
Fejl;
fejre;
fejt;
Felt;
Fenin;
fenne;
Fenne;
Fennikel;flower
Ferdendel;
Ferendel;
fernis;mal
Fernis;
fernisere;
fersk;"mad;nat;psy"
fersk;wheel
ferske;wheel
Fetalje;
Fetaljebroder;
Fibel;
Figen;flower
Fikke;
fil;hån
Fil;
file;anchor
filt;tin
Filt;mercury
fimre;
finke;"zoo;gas"
Finke;bird
Finkeljokum;
Finker;
Finne;
Finne;
Finne;
fiol;msk
Fiol;music
fire;hån
fire;anchor
Firk;spades
Fistel;
fjas;
Fjas;
Fjerdendel;
Fjerendel;
Fjældfras;
Fjæs;
flab;"zoo;ana;psy"
Flab;
Flab;
Flage;
flagermus;zoo
Flagermus;flower
flagspætte;zoo
Flagspætte;bird
flak;gel
flak;anchor
Flams;
flamsk;
Flamsk;
Fled;
flid;
Flid;
Flint;
Flintsten;
flise;
Flise;fish
Flitter;mercury
flittig;
flittig;flower
Flittig;
flod;"geg;typ"
Flod;
Flok;
floksilke;tin
flomme;ana
Flomme;comet
florere;
Flos;
Flugt;swords
fluks;
flunke;
flunkende;
fly;
fly;
flygte;
flygtig;kem
flygtig;swords
flæb;
Flæb;
Flæk;
flække;sam
fløj;"pol;spo;ark"
Fløj;"swords;wheel"
fløjl;tin
Fløjl;
fløjte;msk
Fløjte;music
Fløjte;
Fløjte;
Flaad;comet
Fod;"comet;swords"
Foder;
Foder;
Fodgænger;
fodre;anchor
Foer;
Foermand;
Foerværk;
foged;jur
Foged;
Fogedi;
Fok;anchor
Fok;
Fold;
-foldig;comet
for-;
for-;
foragt;psy
Foragt;
Foragt;
foragte;psy
foragte;
Foragte;
forandre;anchor
forarbejde;"hån;psy"
forarbejde;
forarge;psy
forarge;
forarme;
forbande;
forbandt;"byg;mur"
forbarme;
forbavse;
forbavse;
forbede;
Forbeding;
forbedre;
forbeholde;
forbeholde;mercury
forberge;
forbi;
forbi;
Forbi;
forbie;
forbinde;
forbistre;
forbistret;
forbitre;
forbitre;
Forbitre;
Forbjude;
forblinde;hel
forblinde;
forblive;
forblive;mercury
forblomme;
forblommet;
forblommet;
forblænde;
forblænde;
forbløde;med
forbløde;
forbløffe;
forbløffe;
Forborg;
forborgen;
forborgen;
forborget;
Forbrede;
forbryde;"kri;jur"
forbryde;
forbrænde;wheel
Forbud;
forbulne;
forbund;pol
Forbund;
Forbundt;
forbyde;
forbygge;anchor
forbytte;
forbytte;
fordel;spo
Fordel;
fordelagtig;
fordele;
fordele;
Fordemme;
forderlig;
Fordrag;
fordrage;
fordrage;
fordre;spades
fordrikke;
fordriste;
fordrive;
fordrive;anchor
fordrukken;drk
fordrukken;
Fordæk;anchor
fordækt;"swords;spades"
Fordærv;
Fordærv;
fordærve;bik
fordærve;
fordærvelig;
Fordærvelig;
fordøje;med
fordøje;
fordømme;"kom;rel"
fordømme;
fordøve;
Fore;
fore-;
fore-;plus
Foreagte;
forebilde;
forebringe;
forebringe;
forefalde;
forefinde;
foregaa;
forehave;
Forehavende;
forekomme;
forelægge;
forene;
Forenige;
Forerre;
forese;
forestille;
forestaa;
foresætte;swords
foretage;
foretage;
forfader;"fam;bio"
Forfader;
Forfald;
forfalde;"ark;øko"
forfalde;mercury
forfalske;
Forfang;
forfange;
forfare;anchor
forfaren;
forfatte;lit
forfatte;comet
forfløjen;psy
forfløjen;
forfordele;
forfordele;
Forfordele;
forfragte;"anchor;mercury"
forfriske;"anchor;swords"
forfule;
forfylde;
forfægte;
forfægte;
forfærde;psy
forfærde;comet
forfærdelig;
forfærdige;
forfærdige;
forføje;
forføje;
forfølge;swords
forføre;
forfaa;
Forgift;
forgifte;
forgiftig;
forgive;spades
forglemme;
forgrebs;
forgribe;
forgrille;
forgylde;mtl
forgylde;flower
forgylden;
forgængelig;
forgængelig;
forgætte;
forgæves;
forgæves;
forgøre;
forgaa;
forhade;
forhandle;"kom;han"
forhandle;mercury
forhaste;
forhaste;
forhindre;
forhindre;
forholde;
forholde;
forhore;
Forhoved;
forhugge;
forhverve;
forhyre;erh
forhæng;bol
Forhæng;
forhærde;
forhærge;
forhøje;music
Forhøjning;
Forhør;
forhøre;
forhaabe;
Forhåne;
forhaane;
Forhånlig;
forhaanlig;
forjage;
forjage;
forkaste;
Forkastel;
forkere;
Forkering;
forkert;
forklage;
forklare;
forklejne;
Forklejne;
forklikke;
forklæde;
Forklæde;
forknytte;
forkomme;
forkommen;
forkorte;anchor
Forkoste;
Forkoste sig;
forkrybe;
forkrænke;
forkulde;
Forkvikke;
forkynde;jur
forkynde;
Forkøb;mercury
forkøbet;
forkøle;hel
forkøle;
forlade;
forlade;
forlade;
Forlag;
forlange;
forlaste;anchor
forlede;
forleden;
forlegen;
forlene;
forlene;
Forlesning;
forlette;
forlide;
forlige;
forlige;
forligge;anchor
forligne;
Forlis;
forlise;anchor
Forlisning;
forloren;gas
forloren;"wheel;anchor"
Forlov;
forlove;
Forlover;
Forlust;
forlyde;
Forlyst;
forlyste;
forlyste;
Forlyste;
forlægge;trf
forlægge;
forlænge;mat
forlænge;
Forløb;
forløbe;
forløbe;
forløse;
Form;"wheel;swords"
formale;
formaledide;
formane;
Formane;
formaste;
formastelig;
forme;
formedelst;
formedelst;comet
formelde;
formene;
formere;bio
formere;
formidle;kom
formindre;
formode;
formodentlig;
Formue;
Formuenhed;
Formynder;
Formynderskab;
Formyndskab;
formyrde;
formænge;
formærke;
formønte;
formaa;
fornedre;psy
fornedre;
fornedrige;
fornem;
fornemme;
fornemmelig;
Fornotling;
fornuft;psy
Fornuft;
fornuftig;
fornuftig;
fornumstig;
forny;
fornægte;spades
fornøden;
fornøje;psy
fornøje;
Forord;
fororde;
forpagte;erh
forpagte;
Forpagte;
forpleje;
forpleje;
Forpligt;
forpligte;jur
forpligte;"mercury;comet"
Forpligte;
forpligtig;
Forprang;
forpustet;
Forpæling;
Forram;
forraske;
forregne;mat
forregne;
forrente;"ban;dri"
forrente;mercury
Forrente;
forrest;
forrest;
forrette;
forrige;
forrige;
forringe;
forringe;
Forringe;
forrykke;
forrykke;
forrædelig;
forræder;
Forræder;
Forraad;
Forraad;
forråde;pol
forraade;
forraadig;
forsage;"spades;swords"
forsamle;
forsamle;
forse;anchor
forse;spades
forsegle;
forsegle;anchor
forsende;
forsidde;
forsige;
forsigtig;
Forsigtighed;
forsikre;anchor
forskabe;
forskaffe;
forskaffe;
forskammet;
forskanse;swords
forskave;
forskel;sex
Forskel;mercury
forskelle;
forskikke;
Forskrift;
forskrive;
forskrive;
forskrække;
forskrækkelig;
Forskud;
forskyde;
forskyde;swords
forskylde;jur
forskylde;
forskære;
forskære;
forskåne;
forskaane;
forslagen;
forslagen;
forslide;
Forslinge;
forsluge;
forsluge;
forslå;
forslaa;anchor
Forsmag;
forsmelte;wheel
forsmædelig;psy
forsmædelig;
Forsmædelig;
forsmædelse;psy
Forsmædelse;
forsmægte;
Forsmægte;
forsmaa;
forsnilde;
forsone;
Forsone;
Forspan;
Forspande;
Forspil;"anchor;spades"
forspilde;
forspilde;
forspille;
forsplitte;
forspore;
forsprede;
Forsprekker;
Forspøg;
forstand;psy
Forstand;comet
forstandelig;
forstander;und
Forstander;
forstandig;
forstandig;
forstikke;spades
forstive;
forstokke;
forstokket;
Forstrand;
Forstrand;
forstrække;
forstrø;s
forstykke;
forstyrre;fys
forstyrre;
forstændelig;
Forstændighed;
forstaa;
forstaa;"comet;mercury"
Forstaaelse;
forsure;
forsvage;comet
forsvare;"mil;spo;jur"
forsvare;swords
Forsvige;
forsvinde;
forsvinde;
forsvække;
forsværge;
forsæt;jur
Forsæt;
forsætlig;
forsætte;"swords;anchor"
forsøge;
forsømme;und
forsømme;und
forsømme;
fort;
fort;
Fortan;
Fortgang;
fortgaa;
fortinge;
fortinne;
fortjene;
fortjeneste;øko
Fortjeneste;
Fortog;
fortolke;
fortone;anchor
Fortoning;anchor
fortove;
fortrin;
Fortrin;
fortro;
fortryde;
fortryde;
Fortrydelig;
fortrykke;
Fortræd;
fortrædelig;
fortræden;
fortræffelig;
fortrænge;psy
fortrænge;
fortsætte;
fortuske;
fortusket;
fortvivle;
fortykke;
fortælle;"kom;lit;kun"
fortælle;
fortænke;
fortænke;
fortænkelig;
fortære;
Fortøgering;
fortøje;anchor
fortørne;
fortørnet;psy
fortørnet;psy
fortørre;
fortøve;
forunde;
forundre;
forundre;
forurene;"mij;hyg"
forurene;
forurette;
forurette;
forvagte;
forvandle;
forvandle;
forvant;
Forvantskab;
Forvar;
forvare;psy
forvare;
forveksle;
forvende;
forvide;
forvilde;"bot;zoo"
forvilde;
forvinde;
forvirke;
forvirre;
Forvirre;
forvise;
forvisse;
Forvissere;
forvorpen;
Forvorpenhed;
forvoven;
forvoven;s
Forældre;
forære;
forære;
Foræring;
forår;pol
Forår;
Foraar;
foraarsage;
fourer;
Fragt;"anchor;mercury"
Fragt;
Fransos;
fransøsk;
Fransøsk;
frejdig;
frejdig;
fremmed;
fremmed;spades
fremture;
fri;fam
fri;"øko;jur;pol;spo;fri;kem"
fri;
fri;
fri;"music;anchor;mercury"
Fri;
Fribytter;
Frier;
frihed;"kri;fri;lit"
Frihed;
Friherre;
frilig;
Frille;
frimodig;
frimodig;
Frimodiglig;
fripostig;
frisk;anchor
Frisk;
fritte;zoo
Fritte;
fro;
frokost;gas
Frokost;
Frokost;
from;rel
from;
fromesse;rel
fromme;
fromme;
Fromme;
frommelig;
Fruentimmer;
frugt;"bot;gas"
Frugt;
frugtbar;"lan;bio"
frugtbar;
frugtsommelig;sex
frugtsommelig;
Frygt;comet
frygte;psy
frygte;
frygtelig;
frygtelig;
Frygtelig;
frynse;"tin;oad"
Frynse;
Frynt;
fryntlig;
Fryntskab;
frøken;und
Frøken;
Fraads;
Frådse;
fraadse;
fraadsig;
fråse;
fugt;"met;byg;ana"
Fugt;
fugte;hyg
fugte;
fugtig;"hyg;byg;met"
fugtig;
Fugtig;
Fuk;
Fuldbord;
fuldbringe;
Fuldbringe;
fuldbyrde;
fulddrive;
fuldende;
fuldkomme;
fuldkommelig;
fuldkommen;
fuldmagt;jur
Fuldmagt;
fuldmægtig;
fuldmægtige;
fuldstændig;
Fund;
fundere;
fundig;
funke;
Funke;
funke;
Funke;
fure;anchor
fus;
Fust;
Fusthammer;
fy;
fyldest;
Fyldest;comet
fyndig;"spr;psy"
fyndig;
fyr;"hvn;ene"
Fyr;"anchor;swords;wheel"
Fyr-;
fyraften;erh
Fyrbold;
Fyrbolle;
fyrbøder;tek
Fyrbøder;
fyre;"erh;sex"
fyre;anchor
Fyre;
fyrig;
Fyrighed;
Fyrste;
fyrstelig;
Fyrstinde;
Fyrtøj;
fægte;spo
fægte;swords
fældig;
-fældig;
fælg;
Fælg;
fængsel;jur
Fængsel;
Fænnik;
færdig;swords
fæstne;
fætter;fam
Fætter;
føje;
Føje;comet
føje;"comet;anchor"
føle;"fyo;spo;psy"
føle;
Føle;
følgagtig;
Føring;"wheel;anchor"
gabe;
Gaber;
Gadder;
gaffel;"mad;geg;ski"
Gaffel;"swords;anchor"
galej;skb
Galej;"anchor;swords"
Galgant;
galle;bot
Galle;wheel
Galm;
galme;
Gandes;
Ganes;
Gangevogn;
Gangvogn;
ganne;
Ganning;
ganske;
ganske;
ganske;
Garn;
gav;
gave;
Gave;
ge-;
Gebyr;mercury
Gebærd;
gederams;bot
Gedulde;
Gefal;
Gefald;
Gehør;
gejstlig;rel
gejstlig;
geled;mil
Gelede;
Gelegenhed;
gelejde;
Gelejde;
Gelejde;
Gelejdsmand;
gelik;
Gemak;
Gemak;
gemen;
gemen;swords
gemenlig;
gemyse;gas
gendrive;
genegen;
gennemtrappet;
gerrig;
Gerrighed;
Geryst;
Geraad;
Geråde;
geraade;
Gesel;
Gesellestik;
Geselstik;
Gesind;
Gesinde;
Gesindeken;
Geskæft;
Geskænk;
gesvindig;
gesvindt;s
Getagen;
Getogen;
Getov;
gevaltig;
Gevind;
Gevær;
gie;hån
gifttyde;bot
gige;msk
Gige;music
gigt;med
Gisel;
gisle;
gisse;anchor
give;"anchor;music"
Gjordel;
glas;"gla;bol;søf;mål"
Glas;anchor
glat;
glat;"anchor;swords"
Glat;
Glavind;
Glib;
glide;
glide;
glinse;
glinse;wheel
glise;
glube;
glubsk;
glut;
Glætte;
gnide;
gnægge;
god;"music;plus;spades;anchor;mercury;flower"
gold;
Gorgle;
grabbe;
granske;
grassat;
grel;
greve;kon
Greve;
grever;
Grever;
Grever;
grib;zoo
Grib;bird
gridsk;
grimmende;
Grimmenis;
Grindel;
Gritte;
Groffenbrad;
Grotfyrste;
grov;"psy;mad;tin;ana"
grov;"mercury;"
grove;
grovelig;
Grovgrøn;
Grube;"swords;wheel"
Grue;comet
grue;
gruelig;
grunde;
grunde;
grundelig;
grus;gel
Grus;
Grus;
Grusk;
grusom;
Grut;
grutte;lan
grutte;
Græker;
grænse;"oad;geg"
Grænse;
græse;
Græselig;
Græsenke;
græsk;flower
græskar;bot
Græskar;flower
græsselig;
Græsselig;
Græsspire;
grævling;zoo
Grævling;
Grøde;
Grøft;
grønirisk;zoo
Grønsvær;
gudfrygtig;
gudsforgætten;
Gudshus;
Guldværk;
Gunst;
gunstig;
gunstig;anchor
gurgle;"hyg;aku;drk"
gurgle;
Gurgle;
gusten;
gylden;
Gylden;mercury
gylle;lan
Gynter;
Gæk;flower
Gæk;wheel
gække;
gækkelig;comet
Gækkeri;
gælde;
-gænger;
gængs;
gær;
Gæstehus;
gæv;
Gøgelspil;
gøgl;kul
Gøgl;
gøgle;
Gøgle;
Gøgler;bird
gøre;"anchor;spades;comet;mercury;swords"
gørtle;
gaa;"anchor;comet;swords;spades;mercury"
Gaaseørn;bird
hadig;
hadsk;
-haftig;
Hage;
Hage;"wheel;swords;anchor"
Hagebøsse;
hakke;anchor
Hakkebræt;anchor
Hakkelse;
hale;
Halle;
halsstarrig;
halvere;mat
halvere;wheel
Hamme;
Hamp;flower
Handel;mercury
handelig;
handig;anchor
handle;mercury
Handling;
Handske;
Hank;
Hanrej;spades
Hans;
Hansa;
harnisk;våb
Harnisk;comet
harnisket;
Harnisket;
Harpiks;
Harpix;
Harrild;flower
harsk;
Hartkorn;
Harts;
Has;
Has;
Hase;
Hast;
haste;
hastelig;
hastig;
hastig;
hastmodig;
Hattestafferer;
Hav;
Have;
Havelværk;
Havn;anchor
-hed;
hedensk;
Hedevig;
heftelig;
heftig;
Heggel;
hegle;lan
Hegle;
hegle;
Hegle;
Hekkenfeldt;
Helgeland;
Heligland;
Helled;
Hellegat;anchor
Hellighed;
Helsfyr;
helt;kun
Helt;
hemme;
hemmelig;anchor
Hemmelighed;
hen;
hen;"anchor;mercury"
henbringe;
Henfart;
henlægge;
henstille;
Herberg;
herberge;
Herd;wheel
Herkomst;
herlig;rel
herlig;
Herlig;
Herlighed;
Hermelin;
Hermelin;
herold;his
Herre;"spades;mercury"
hersk;
Herskab;
herske;
Herske;
hertug;kon
Hertug;
hidse;psy
hidse;
Hidsehund;
hie;
hige;
Hilde;wheel
hille;
hille;
himle;
Himmelstreg;
Hind;
Hinder;
Hinderhold;
hindre;
hingst;zoo
Hingst;bird
hinke;
hinter;
hip;
Hippokras;
Hirse;flower
Hjald;
Hjalte;
hjemsøge;
Hjerteslag;
Hjælmetegn;
Hjælper;
Hob;
hobe;
hobe;
hof;kon
Hof;
Hoffart;
hoffourer;kon
Hoffærd;
hoffærdig;
hoffærdig;
Hoffærdighed;
Hoffærdighed;
Hoflig;
hofte;ana
Hofte;
hokke;
Hold;
holde;"comet;anchor;wheel;swords"
Holde;
Holk;anchor
Holster;
Homej;swords
Horde;swords
Hore;spades
Horensøn;
Horesøn;
Hospital;
Hov;
hovedkulds;
Hovedskib;
hovedstol;øko
Hovedstol;mercury
hovere;
Hovmand;
hovmester;"søf;fam"
Hovmester;anchor
hovmod;psy
Hovmod;flower
hovmode;comet
hovmodig;
Httefad;
huge;
huj;
Huj;
Huk;anchor
Huld;
Hulde;
Hulsten;
Hulurt;flower
Humpel;anchor
Hundestejle;fish
Hungertitte;
hungrig;
hurtig;
husarm;
Husbjælke;
Husblas;
husere;
Husfrue;
Husgesinde;
Husk;
hutle;
hutle;
Hvalrav;
Hvalspæk;
Hverdag;
Hvergarn;
hverv;
Hverv;
hverve;
hverve;
hvid;møn
Hvid;
hvid;"anchor;mercury"
Hvidesøndag;
hvidte;byt
hvidte;
Hvidte;
Hvilling;fish
hvis;
hvordan;
hvordan;
hvordan;
Hydefad;
hykle;
hylde;
hyle;
Hylle;
Hyllike;
Hylster;"swords;anchor"
hyppe;lan
hyppig;
hyppig;
hyre;søf
hyre;erh
Hyre;anchor
hyre;anchor
Hyre;
Hyrling;
Hysing;
Hysken;
hyssing;hån
Hyssing;anchor
Hyssing;
hyttefad;fsk
Hyttefad;
hæfte;"wheel;mercury"
Hæfte;wheel
Hæg;
hæge;
hægte;spo
Hægte;
Hægte;
hægte;
hælde;
Hælding;
hæle;jur
hæle;
hælvt;
Hælvt;
Hængsel;
hærdig;
hærpe;
hæs;
hæve;
høfde;hvn
høflig;mercury
Højde;"anchor;swords"
højlig;
Højtid;
høker;han
Høker;
Hønnike;
Høns;"comet;spades"
hønse;anchor
høre;
hørig;
hørsom;
Hørsvinger;
Høvding;
høve;
høved;lan
Høved;
Høvedsmand;
høvisk;
høvl;tøm
Høvl;
høvle;"vær;mad;tøm"
høvle;spades
Haab;
haabe;
hån;spr
Hån;
Haan;
Haand;"music;wheel;flower;anchor;mercury"
haandfast;
Haandfæstning;
håndhæve;jur
haandhæve;
Haandklove;
Haandlanger;swords
håndtere;
haandtere;anchor
Haanhed;
haard;"anchor;music"
haardnakket;
I;
idel;
Igle;flower
Igt;
ih;
Il;
ilder;zoo
Ilder;
ile;
Ile;
ilig;
imidlertid;
imidlertid;
indbilde;
Indbildning;
indbildsk;
indblæse;
indbringe;swords
Inddrift;
inddrive;
-inde;zoo
-inde;
indeholde;
indeholde;swords
inderlig;
inderste;
Inderste;
indforlive;
indgetogen;
indhold;"fil;psy;bog"
Indhold;
Indhold;
Indholt;anchor
indkomst;"øko;ska"
Indkomst;
Indkomst;
indlade;
indlade;wheel
Indlager;
Indlede;
indlive;
indlægge;"wheel;anchor;comet"
indløse;"mercury;comet"
indmane;
indpas;
Indpas;
indprente;
indrumme;
indsige;
Indsigelse;
indslaa;swords
Indstyrte;
indstændig;
indstændig;
indtog;
Indtog;
Indtrang;
indtræde;
indtrække;wheel
indvendig;
indvirke;
indvise;
indvortes;
indvælde;
Indvaaner;
Ingefær;flower
Irisk;bird
irre;
Isben;
ise;anchor
Isen-;
isenkram;"han;ele;våb"
Isenkram;
Isige;
Isop;flower
Ister;
iver;psy
Iver;
ivre;psy
ivre;comet
ivrig;psy
ivrig;
Ivrig;
Jabroder;
jage;"zoo;jag"
jage;anchor
jagt;jag
Jagt;
jagte;
Jaherre;
jakke;tøj
Jakke;comet
Jakke;
Jammer;comet
Jammerdal;
jammerlig;
jamre;
Jan;"anchor;bird;spades"
Jennik;
jo;
jo;
jodut;
Jolle;anchor
jomfru;"sex;asl;bot;erh;mad"
Jomfru;"spades;wheel;anchor"
jorde;
Jordrøg;flower
Junge;
Jungelin;
junker;his
Junker;
Junker;
Juvelér;
jæger;"jag;etn;mil"
Jæger;swords
Jægt;
Jærnurt;
Jøde;
Jøkel;
Kabe;anchor
Kabel;"anchor;wheel"
Kabeltegn;anchor
kabys;ski
Kabys;anchor
Kabys;
kag;
Kag;
kagle;
Kahyt;anchor
kakke;
kakkel;ark
Kakkel;
kalde;spades
Kalent;
Kalk;
kalkun;zoo
Kalkunsk;
Kallun;
Kallun;
Kalvedans;
Kammerdug;
kamp;"mil;spo;erh"
Kamp;
Kane;
Kanel;
kanin;"zoo;spo"
Kanin;
Kans;
Kant;anchor
Kant;
Kanut;
kape;
Kapel;
Kapel;
Kappe;"swords;anchor"
Kapperøllike;
Kaprun;
Kapun;
Kapune;
kapunere;
Karavel;anchor
Karde;wheel
karde;wheel
Kardus;swords
Karnap;
karpe;zoo
Karpe;fish
Karre;swords
karrig;psy
karrig;
karse;"bot;mad"
Karse;flower
karsk;
karte;håa
Kartove;
karusse;zoo
Karusse;fish
karve;
Karve;flower
Kastel;swords
Kat;"spades;swords;wheel;anchor"
Kavent;
Kavl;
Kedelhat;
Kegel;
kegle;"mat;trf;spi;typ"
Kegle;
Kejle;
kejse;
Kejser;fish
Kel;
kende;
Kende;
Kermesse;
Kerne;
Kersej;
Kerte;
Ketsjer;
kige;
kige;
kigge;
Kighoste;
Kikkert;
kile;"hån;tøj"
Kile;
kim;"bot;bio"
Kim;
kiming;søf
Kimme;
Kimmer;
Kin;
kindbakke;zoo
Kindbakke;anchor
Kinke;
kip;byt
Kipe;
kippe;mad
Kippe;
Kippe;anchor
Kippe;
kippe;anchor
Kipper;
kirsebær;bot
Kirsebær;flower
Kirsej;
Kiste;"mercury;anchor"
Kits;
Kiv;
kivagtig;
Kivagtig;
kive;comet
Kive;
kives;kom
klage;
klage;kom
Klage;
klage;
klakke;
klam;nat
klam;
klamme;"spr;tek"
Klamme;"wheel;music"
Klang;
Klank;
klap;ana
Klapholt;
klappe;"anchor;spades"
Klappebænk;
klar;"opt;kom"
klar;anchor
Klaret;
klarlig;
klat;"zoo;spo"
Klat;
klatre;bot
Klatte;
Klaus;bird
Klave;
klavre;
klavre;
klejn;comet
Klejne;
klejnsmed;sme
Klejnsmed;
klemme;
Klemme;
klenodie;
Klenodie;
kleppert;
Kleppert;
Kleresi;
Klerk;
klid;gas
Klid;
Klid;
Klik;
Klimme;
klinge;"aku;msk;spr"
klinge;swords
klinke;byg
Klinke;"wheel;swords"
klint;gel
Klint;comet
klippe;gel
Klippe;flower
Klipping;
Klister;
klistre;
Klo;"wheel;anchor;flower"
Klod;anchor
klode;"ast;ana"
Klods;
Klods;
klog;
klogelig;
klogelig;
Kloghed;
Klokke;flower
Klokkeknevl;
Klokker;
Klokkespise;
Klokkestund;
kloppe;wheel
Kloster;
Klov;
Klovert;
kludre;
kludre;
klukke;
Klump;
Klus;
Klyne;
Klys;anchor
Klyver;anchor
Klæbber;
klæbe;
klæbe;
Klæde;anchor
klæde;anchor
klække;
kløft;"gel;ana"
Kløft;wheel
kløgtig;
kløver;bot
Kløver;flower
Knabe;
kneb;
Kneb;
knebel;sme
knebel;kri
Knebel;
Knebel;anchor
Knebel;
knede;
Kneje;
Knevel;
knibe;
knibe;"spi;typ;fyo"
knibe;"anchor;spades"
Knibe;
knibsk;
Knibtang;wheel
kniple;håa
kniple;
Knipling;
knippel;"pot;våb"
Knippel;"anchor;swords"
knirske;
knistre;
Kniv;"spades;wheel"
knob;"søf;mål"
Knob;anchor
Knoge;
knogle;ana
Knogle;
Knogle;
Knogleknokkel;
Knop;
Knot;
knytte;
knægt;spi
Knægt;"spades;anchor"
Knæk;
knæle;swords
Knæler;
Knæling;
Kobbel;music
Kobber;anchor
Kobberrøg;
koble;"tek;ele;fam;fri;tra"
koble;anchor
koble;"wheel;anchor"
Kodde;
Kode;
koffardi;søf
Koffardi;anchor
Kofilnagle;anchor
Kog;
koge;
kogge;skb
Kogge;
Kogger;"anchor;swords"
kogle;
Kogler;
Kok;
Kol;
Kolbe;"swords;anchor;wheel"
Kolde;
Koldskaal;
Kolhætte;
Kolv;swords
Komme;
Kommen;flower
Kompan;
Komst;
Konfiture;mercury
kontrafeje;
kop;"bol;mur"
Kop;"spades;swords;anchor;wheel;"
koppe;
Korde;
Korde;music
Kordel;anchor
Korduan;
Korn;swords
Kors;comet
kort;"mat;tøj;kom"
kort;"music;mercury;anchor"
Kort;
korte;anchor
kortelig;
Kortvil;
Kost;
Kost;
kostbar;
koste;
kostelig;
Kove;
Kovs;
Kovsken;
Krabbe;anchor
krable;
krable;
kradse;mercury
Kradse;
kraftig;
Kraftkirke;
krage;
kragejolle;skb
Kragejolle;anchor
Krakel;
Krakmandel;
kram;
Kram;
Krammeri;
Kramp;
krampe;med
krampe;hån
Krampe;fish
Krampe;wheel
Krampe;
kran;"tek;sun"
Kran;"wheel;anchor"
krank;
krank;
krankelig;
krans;bot
Krans;"anchor;wheel"
krave;tøj
Krave;anchor
Kravel;anchor
Kreds;
Kreje;
Krejert;
Kride;
kridt;"gel;und;øko"
Kridt;
kridte;
krig;"mil;spi;rel;pol"
Krig;swords
krige;
Kring;
Kriske;
kristen;
kro;gas
Kro;
Kroer;
Kroerske;
Krofader;
krone;"ban;øko;kon;bot;tan;ska"
krone;kon
Krone;"flower;anchor;swords;wheel;mercury"
krone;swords
kronne;
Krop;wheel
Krop;
Krud;
krudt;"våb;mil"
Krudt;
krukke;bol
Krukke;
krum;"fys;ana"
krum;
krumhalset;
krumholt;ski
Krumkage;
krumme;bag
Krumme;
Krumme;
krumme;
Krumme;
krus;"bol;drk"
Krus;
krus;
Krusbær;
kruse;frs
Kruse;
kruse;
Krusemynte;flower
krutte;
krybbe;lan
Krybbe;
krybe;spades
Krydde;
krydder;"bag;ana;tek"
Krydderbrød;
krydderi;gas
kryde;
Kryds;"music;plus;swords;anchor"
krydse;"anchor;wheel;mercury"
Krydsurt;
Krykke;"wheel;swords;anchor"
krympe;wheel
kræft;med
Kræft;
Kræft;
Kræftig;
kræge;bot
Kræge;flower
kræmmer;han
Kræmmer;
Kræmmerhus;anchor
Kræmmeri;
krænke;"psy;sex;jur"
krænke;
Krøbel;
Krøgle;
krøgle;
krøje;
krølle;"ana;spo"
Krølle;"anchor;spades"
Krønike;
Krøs;
krøse;
Kraas;
kråse;zoo
kube;lan
Kube;
kuf;skb
Kulde;
kule;lan
kule;
Kule;anchor
Kulegraver;
Kuller;
kulret;
kumme;
Kumme;
kummer;psy
Kummer;
kummerlig;øko
kummerlig;
Kummerlig;
kumpan;
kund;
kundskab;
Kundskab;
kundskabe;
Kundskaber;
kunst;"kun;vid"
Kunst;
kunstelig;
Kunster;
kunstig;
kunstner;"kun;kul"
Kunstner;
Kur;
Kure;
kure;
Kure;
Kuretaarn;
kurv;"fri;han;bot;spo"
Kurv;"swords;wheel"
Kuvert;
Kvabbe;"fish;anchor"
kvakke;
Kvale;
kvalm;kom
Kvalm;
Kvalster;
Kvansvis;
Kvant;
Kvarter;"anchor;swords"
kvase;
Kvast;
Kvater;
kvemmelig;
kvik;
Kvik;flower
Kvikstjært;bird
Kviksølv;
kvinkelere;
Kvint;
Kvint;"music;spades"
Kvintin;
kvit;comet
kvitte;
Kvittebrev;
kvittere;fyo
kvittere;mercury
kvoppe;
kvæde;bot
Kvæde;flower
Kvæg;
kvæge;
kvær;comet
Kværk;anchor
kvæste;"med;psy"
kvæste;
kymig;
kyndig;
Kyrbis;
kyse;
kysk;sex
kysk;
Kyssel;
Kyssen;
kytte;
kæbe;"ana;hån"
Kæbe;"wheel;anchor"
kæde;"han;kem;dan;spo;håa"
Kæde;"anchor;swords"
Kæk;
Kælderhals;flower
Kæmler;
kæmner;oad
Kæmner;
Kæmpe;
kæmpe;
Kæmper;
kærve;
kætter;rel
Kætter;
kævle;
København;flower
Købing;
Købmandskab;spades
Købslag;
købslaa;
Købstad;
Køgemester;
Køje;anchor
Køje;
Køkerske;
Køkken;
Køkken;
Køkkenmester;
Køl;anchor
køl;
kølnsk;
Køn;
kønrøg;hån
kønrøg;hån
køre;
Kørsener;
kørvel;bot
Kørvel;flower
Køter;
Kaa;bird
Kaad;
Kaadner;
Kaar;
Kårde;
Kaarde;
kaare;
Kaas;anchor
labe;
Labe;
Lade;
Lage;
Lagen;
Lager;wheel
Lak;
lak;
Lakhed;
Lakrids;flower
Laktuk;flower
lampe;"bol;tek"
Lampe;
Land;"quad;anchor"
Landfaring;
Landløbere;
Landskab;
Landsaat;
Langagt;
Langagtig;
lange;soc
lange;
Lange;fish
Langhilde;
langs;
langs;anchor
langsom;fot
langsom;anchor
langsommelig;
langvarig;
langvarig;
Langvogn;
lappe;
Lapperi;
Laps;
Las;
last;"tra;ski"
Last;
Last;"mercury;anchor;"
laste;anchor
laste;
Lasttold;
Latte;anchor
lav;anchor
Lave;
lavere;"anchor;mercury;spades"
Le;
Led;"comet;anchor"
Ledehund;
ledig;
ledig;anchor
Ledig;
Leding;
ledsage;mercury
Ledsager;
Leg;
Legeme;
Legenhed;
Lejd;
lejde;
Lejde;
lejde;
Lejdebrev;anchor
Lejder;anchor
Leje;
Lejle;
lejlig;
lejlighed;bol
Lejlighed;anchor
Lejr;
lejre;
Lektie;
Lemmike;flower
lempe;
lempe;
Lempe;
lempe;anchor
lempelig;
len;"his;sam"
Len;
Lening;
lente;
letfærdig;
letfærdig;
lette;"fys;nat;kri;met;zoo;hel"
lev;
levere;"mercury;swords"
Levre;
Li;
lide;
lidelig;
Lidkøb;
liflig;
liflig;
Lig;anchor
Lige;
lige;swords
Ligedeler;
ligervis;
ligervis;
ligevel;
ligne;
lignelse;
Lignelse;
Ligtorn;
likke;
Likker;
Limstang;
Linde;
linned;
Lire;fish
lirekasse;msk
lispe;
lispund;mål
Lispund;
liste;
livagtig;
Livgeding;
Livgeding;
livsalig;
Lo;
Lod;"comet;swords;anchor"
lodde;anchor
lodde;comet
Lodsmand;fish
Loft;
Lorje;anchor
Lort;
los;zoo
Los;
Lose;
losse;anchor
Lov;
love;
Love;
love;
love;
Loven;
Lubbe;fish
Luder;swords
luft;"met;ana;kem;rad;fly"
Luft;"wheel;swords;anchor"
luge;hav
Luge;anchor
lugt;kem
Lugt;
lulle;
Lune;
Lunge;
Lunstikke;
lunte;kem
lunte;
lunte;
Lunte;swords
lure;
luske;
lut;msk
Lut;music
lutre;"mtl;psy"
lutre;"mtl;psy"
lutre;anchor
Lutre;
lutter;
lutter;
Luv;anchor
lybsk;mercury
lyd;
Lyd;
Lyd-;
lyde;anchor
lydelig;
lydt;
lygte;"trf;tea"
lygte;
Lygte;
Lykke;flower
Lykkehjul;
lykkelig;
lykkes;
lyksalig;
lyksalig;
Lyksalighed;
lyksom;
Lyske;
lystelig;
lystig;
lystre;
lystre;anchor
Lædike;
læg;
Læg;
lægge;"wheel;anchor;spades;swords"
Lægmand;
lægte;tøm
lække;
lække;"anchor;mercury;comet"
lækker;"mad;fys;sex;hyg"
lækker;
Længde;anchor
Længe;anchor
Lære;
lære;
Lærke;bird
læske;"drk;hån"
læske;
Læst;
Løb;
Løb;"anchor;music;swords;wheel"
løbsk;
lødig;swords
Løffel;
løfte;
Løfte;
Løgner;
løj;anchor
løje;met
Løjert;
Løn;flower
Løsen;swords
Løsgængere;
Løve;spades
Laadring;
Laas;"swords;wheel;anchor"
Maddike;
mag;
Mag;
mage;
mage;
magelig;
magelig;
mager;
-mager;
Magre;
magt;pol
Magt;
male;"kun;hyg"
male;
male;
maledide;
malle;zoo
Malle;
Malle;fish
malte;
man;
mandbar;
mandel;"bot;med"
Mandskab;"swords;anchor"
Mandslag;
mane;rel
mane;
Mang;
mangelhaftig;
Mangelhaftig;
Manggods;
Mangkorn;
mangle;
manglebræt;bol
Mansat;
Manse;
marekat;zoo
Marekat;
Mareminde;
Mark;currency
Marked;mercury
Markgreve;
marsk;gel
Marsk;
marskal;mil
Marskalk;swords
Marstald;
Marter;
marterpæl;his
martre;
Mase;
Mask;
Maskepi;
mast;"ski;ele"
Mast;anchor
mat;"søf;mil"
Mat;anchor
Materi;
Materie;
Matjessild;
Medbroder;
Medgift;
medister;mad
medisterpølse;mad
Medlidenhed;
meje;lan
meje;
mejer;zoo
Mejer;
Mejerske;
Mejse;bird
melde;"kom;spi;kri"
melde;"swords;spades"
Melding;spades
men;spr
Men;
men;
mene;
menig;sam
menig;"comet;swords"
Mening;mercury
Menneske;
mere;
Messe;
Messing;music
Mestepart;
Mester;anchor
Mestermand;
Mesterskab;
middel;øko
middel;
middel;
Middel;swords
Middel-;
middelmådig;
middelmaadig;
Mide;
midle;
Midler;
Midnat;
midtvejs;
mige;
mildelig;
Mile;
Minde;
mindelig;
Mink;
misdæder;kri
Misdæder;
misdædisk;
Mishag;
mishage;
mishage;
mishagelig;
mishandle;
mishandle;
misprise;
Missemav;
mitte;zoo
Mod;
Mode;
Modefarve;
Moderløs;"fish;flower"
modvillig;
moksen;
Mor;
Morads;
Morbær;flower
Morderi;
Morgen;
Morgendag;
Morgengave;
Morian;
Morrod;flower
Morsel;
Morter;
Mortér;swords
mos;gas
Mos;
Moskjen;
Moskølle;anchor
Most;
Mudder;
Mug;
Muk;
Muldvarp;
mulig;
mulig;
mumle;
Mumme;
mundlæder;ana
Mundlæder;
Mundskænk;
mundtlig;"spr;und"
mundtlig;
Munk;"bird;swords;flower"
munke;
munkle;
Murermester;
Murmle;
murrisk;
musling;"zoo;gas"
Mussel;
myndig;jur
myndig;
Mynster;
Mynte;flower
Myre;
Mysike;flower
Mytse;anchor
mytteri;søf
Mytteri;"swords;anchor"
Mæfik;bird
mæfikke;
mægle;sam
mægle;
Mægler;"anchor;wheel"
mægte;
mægtelig;
mægtig;
mægtige;
mælde;bot
Mælde;flower
Mælkemund;
-mælket;
mænge;scl
mænge;wheel
Mærke;"anchor;mercury"
mærke;
Mærke;flower
Mærling;anchor
Mærs;anchor
Mæsk;
mæske;
Mæslinger;
Møde;
mødig;
Mødrene;
Møgert;
Møje;
møje;
møjelig;
Mølle;spades
Møller;bird
mønje;mal
Mønje;
mønster;håa
Mønsterplads;swords
mønstre;"swords;anchor"
Mønstring;"swords;anchor"
mønt;ban
Mønt;
Mønter;
Mørser;swords
måde;"spr;kom"
maade;
Maade;
mådelig;und
maadelig;
Måg;
måltid;"etn;mad"
Maaltid;
maanesyg;
Maanesaa;
måske;
maaske;
Maatte;
naboerske;
Naboerske;
nabolig;
nagelfast;
Nagletog;
Nakke;"wheel;music;anchor"
Nam;
Nar;
naragtig;
narre;
narv;tin
Narv;
Natelrem;
Nathus;
Natskade;flower
nattergal;zoo
Nattergal;bird
naturlig;
Nav;
Navleorm;
Navne;comet
navnkundig;
navnlig;
navnlig;comet
nederst;
nedrig;
nedslæbe;
Negenøje;"fish;comet"
nellike;"bot;gas"
Nellike;"mercury;flower"
nemlig;
nemlig;
Nest;
Neste;
nette;
ni;
nid;psy
Nid;
Nid;
nide;
nidkær;
nidkær;
nikke;spo
nikke;anchor
nitte;wheel
niøje;zoo
Nobel;
nobiskro;
nok;
nok;
nok;
noksom;
noksom;
Non;
Noppe;
Norden;
norsk;anchor
nu;
nydelig;
Nyk;
nykke;
Nykke;
nylig;
Nymære;
Nyre;
nys;
nytte;
Nytte;
nyttelig;
nyttig;
Nytaar;
Næb;anchor
nære;wheel
Nære;
nærig;
Næring;
Næs;
Næse;"anchor;wheel;swords;fish"
Næsedug;
næsvis;psy
næsvis;
Nævn;
Nød;"wheel;swords;anchor"
Nød;
nøde;
Nødhjælper;
nødig;
nødsage;
Nødstald;
nødtrængende;
nødtørft;zoo
Nødtørft;
nødtørftig;
Nødværge;
nøgtern;
nøgtern;
nøjagtig;
nøjagtig;
Nøje;
nøje;
nøje;
nøjsom;
nåd;ski
Naade;
Naadler;
naar;
Od;
Offer;
Offerpenge;
ofre;rel
ofre;
Ogne;
ok;
Ol;
Ol;
old;
Oldefader;
oldefar;fam
Oldemoder;
Oldentorre;
Oldermand;
Oldes;
Oldfrue;
Oldgesel;
Olding;flower
Olie;
Oliebrødkage;
Om;
ombære;
omfange;
omflottig;
omkomme;
omme;
Omme;
omsigtig;
omskue;
omsonst;
Omstændighed;
omtrent;
Onsdag;
opbyde;
opdugge;
opgribe;
ophæve;swords
Ophæver;
ophøre;
opklappe;
opklare;anchor
Opklare;
Opklemme;
Opklimme;
opkomme;
Opkomst;
Opløb;anchor
opmudse;
oppebære;
Opper;anchor
oprigtig;
oprigtig;
oprippe;
opru;wheel
oprydde;
oprømme;"mercury;wheel"
Oprømmer;wheel
Oprør;
oprørsk;
oprørsk;
opsat;
Opsat;
opsidde;
Opsidder;
opsige;mercury
opsigt;
Opsigt;
opskibe;
opskrive;mercury
opskørte;
opslaa;"spades;anchor"
Opstander;anchor
opstudsig;
opsætsig;
opsætte;anchor
Optog;swords
opvarte;
opæske;
ordele;
orden;"hyg;bio;rel;okk;sam"
Orden;"comet;anchor;swords"
Ordere;
ordne;
ordne;
Ordning;
ordre;
Ore;
Organist;bird
Orgel;swords
Orgelist;
orlog;mil
Orlog;"anchor;swords"
Orlogger;
Orlov;swords
orlove;
Ort;
Os;
Ost;anchor
Ostersk;
over;anchor
overalt;anchor
overantvorde;
overantvorde;
overbevise;
overblive;
Overbuldre;
overbødig;
Overdigte;
overdrage;
Overdaad;
overdådig;
overdaadig;
Overdaadighed;
overens;
overens;
Overfald;
overflod;mål
Overflod;
overflødelig;
overflødig;
overflødig;
overgiven;
overhale;anchor
overhaling;trf
Overherre;
overhændig;
Overhæng;anchor
overhøre;
overhørig;
overhørig;
overhånd;spo
Overhaand;
overile;
Overlandisk;
overlang;anchor
Overlast;anchor
overlegen;psy
overlegen;
Overlegen;
overlevere;swords
Overlevere;
overligge;mercury
overliggende;anchor
overlydt;comet
overlægge;
overlægge;wheel
Overløb;anchor
Overmand;"comet;swords"
Overmod;
overmåde;
overmaade;
overmaadig;
overraabe;
Oversejle;
oversidde;
Oversidde;
overskrive;
Overskærer;"wheel;mercury"
overslag;spo
overslag;spo
Overslag;anchor
overslaa;
overstride;
oversætte;
overtaste;
overtræde;
overtrække;
overtyde;psy
overtyde;
overveje;
overveje;
overvinde;
overvælde;
Overvælde;
overvældig;
Ovn;wheel
Ovnbrød;
Ovnsmund;
Ovre;
ovrighed;
Ovs;
Padde;anchor
Paddehat;flower
Padre;
Pagt;
Pagt;
pak;sam
pakke;oad
pakke;søf
pakke;"mercury;wheel;spades;anchor"
Pakke;wheel
Pakke;
pakkenelliker;
Pakkenelliker;
Pal;
Palads;
Paladsgreve;
Pale;
Palle;
Palt;
Paltsrok;
Pamper;spades
pande;gas
Pande;
Pande;
Pander;
panel;"byt;sam;tek;aut;tøj;psy"
Panel;
Panel;
Pannel;
panser;"mil;pot"
Panser;"swords;wheel"
pant;"jur;øko;han"
Pant;comet
pante;
Pante;
Pantoffel;
Pantoffel;
Pap;
Pap;
Papegøje;"bird;flower;anchor"
Papegøje;
Papir;mercury
pappe;
Pappe;
par;zoo
Par;
Paradiskorn;
Pardel;
Parder;
Parfots;
Parkem;
Parlament;
Parlament;
Parlamente;
Part;anchor
parte;
Parti;"mercury;anchor"
Parti;
Partisan;
Pas;
Pas;
Pasbord;
Pashamp;
paspurt;
Passager;
Passe;
Passeport;
Passion;music
Passionerer;
Patine;
Patron;wheel
Patron;
Patrone;
paulun;
Paulun;
pave;rel
Pave;
Pavement;
Pavlun;
Pavst;spades
Peber;flower
pebling;und
pejle;anchor
Pejle;
pejs;bol
Pejs;
Pekkelhering;
Peklin;
Peld;
pels;"zoo;tøj;nyd"
Pels;mercury
Pels;
Pelser;
Pelsner;
Pelteri;
Pen;
Pene;
Penningebrev;
Penningebræde;
Pens;
pensel;mal
Pension;
Pergament;
Perikel;
Perk;
Perle;
perm;bog
perse;mad
perse;mad
Perse;
perse;
Perse;
Persik;
Persike;
Persike;
Persil;
persille;bot
Persille;flower
Persken;
Persone;
Pert;
Pert;anchor
Pert;
Pfalzgreve;
Phuj;
pibe;"nyd;tek;msk"
pibe;spr
pibe;"anchor;spades"
Pibe;"mercury;anchor;wheel;swords;spades"
Pibe;
Pibekande;
Pibekande;
Pibeovn;
Piber;"bird;fish;anchor"
Pig;
Pige;
Pik;anchor
Pik;
Pikkelhering;
Pikkelhue;swords
Pikkeronne;anchor
pil;"våb;bot;und"
Pil;
Pilar;
Pilgrim;
Pilkentavl;
pille;med
pille;
Pille;
Pille;wheel
Pind;"anchor;spades"
Pindesyl;
Pindsyl;
pine;anchor
Pine;
Pinebænk;
Pinelig;
Pinelighed;
Pingets;
Pings;
Pinke;
pinlig;
Pinlig;
Pinse;
Pinsun;
Pint;
Pint;
Pip;
Piping;
pippe;
Pirris;
Pis;
Pisel;
pisse;
pisse;
Pit;
Pitser;
Pitsere;
Pitserring;
Pitsier;
Pitsiere;
pjalt;"tøj;psy"
plade;"msk;gas;aut;spi;fam;fot"
Plade;anchor
Pladeslaer;
Pladeslager;
pladre;kom
Plads;"mercury;anchor"
Plage;
plage;
plakke;swords
Plan;wheel
Planche;
Planet;
Plank;
planke;"byt;spo"
Planke;
planke;
Planke;
Planke;
Planse;
plante;bot
plante;bot
Plante;
plante;swords
Plasning;
Plaster;swords
plat;
plat;anchor
Plat;
Platte;
Platte;
Platten-;
plattenslager;
Plattenslager;
Plege;
pleje;wheel
plejl;lan
Plet;
pligt;
Pligt;anchor
Pligt;
Pligt;
Pligt;
pligte;
Pligte;
Pligteligen;
pligtig;
pligtig;
Plinke;
Plog;
Plogskat;
pludre;
Pluds;
pludselig;
pludselig;
Pludseligen;
Pludsig;
Plukgæld;
plump;
plump;psy
plump;
plustre;
Plustre;
Plustreplystre;
Plyg;
Plyndergreve;anchor
plyndre;
plyndre;
Plæk;
pløk;
Pløk;
Podagel;
Podagelsk;
Podagra;
Podangel;
pode;
pode;"bot;bik;med"
Pode;
pode;
Pode;
Pode;
Poderis;
Pogge;
Pojt;
Pojte;
Pok;
Pok;
pokker;
Pokker;
Pokker;
Pol;
Polamit;
Polej;flower
Poleje;
Poløxe;
Pometekens;
Pomissten;
Pommerinke;
Popelsi;
Poppel;flower
Poppele;
Poppelen;
Poppelsi;
Porreløg;
pors;bot
Pors;flower
Port;anchor
Port;
Portener;
Porthus;
Portner;
Portugaløs;
Positiv;
Positiv;
Possement;
Possement;
post;
Post;
Post;flower
Posteg;
Postej;
Postej;
Postelats;
Postiv;
pote;"zoo;ana"
potte;bol
Potte;"flower;wheel"
Potter;
Potteskår;
potz;
pragt;
Pragt;
prakke;
Prakker;
Prakkere;
Prakkerfoged;
Prakkerfoged;
Praktik;
praktisere;
Pral;
Pral;
Pral;
prale;
Prale;
pram;"skb;skm"
Pram;anchor
Prampere;
Prampering;
Prang;
Prang;
prange;
prange;
prange;anchor
prange;
Prange;
Prange;
Preg;
pren;håa
Pren;
Prene;
Prent;
Prent;
prente;
Prente;
Prenteri;
Present;s
Prik;anchor
prikke;"erh;fyo"
prikke;anchor
Prikke;
Prikke;
prikle;hav
prikle;
Prim;music
prime;
Primegelt;anchor
Primegæld;
Prin;
Pris;
Pris;
Pris;
Prise;
prise;anchor
priselig;
Priselig;
Prison;
Prison;
Privet;
Privet;
Proces;
Proest;
profos;
prop;"ele;ana;hel;psy"
Prop;"anchor;wheel"
proper;
Prost;
Provest;
Proviant;
Proviantbrød;
Provst;
Provst;
Provsti;
prunk;
pruste;kom
pruste;
Pruste;
prutte;han
prutte;
pryne;
Prys;
Prys;
Prysk;
Pryssing;
Pryssing;
prædike;
Prædiken;
Prælat;bird
Prøjser;
prøve;wheel
Prøve;"wheel;mercury"
Pudder;
Pudderbysse;
Puds;
puge;øko
Pugge;
Puk;
Puk;
pukke;
Pukke;
pukkel;"zoo;fyo;gel"
Pukker;
Pukkere;
Pukpyk;
puld;tøj
Puld;
Puld;
Pulpet;
pulre;
Puls;
Pult;music
Pulteri;
pulver;
Pulver;
pulverisere;
Pumpe;anchor
Pumpetugge;
Punder;
Pundert;
Pundert;
Pung;
Punkt;"music;swords"
Puppe;
pur;
purgere;
purre;anchor
Pus;
puste;"hån;spr;spi;zoo;fyo"
puste;
Puster;
Pustere;
Put;
Put;
Puts;
Pykke;
Pynt;
Pynte;
pægl;mål
Pægl;
Pæl;anchor
Pæl;
Pæl;
pæle;
Pæon;flower
Pøjt;
Pøker;
Pøl;
Pøl;
pølle;bol
pønse;
pønse;
Pøtker;
På;
paa;"comet;anchor;mercury;swords"
paaskyde;
Rabalder;
Rabus;
rack;
Rad;
Raft;
rage;
Rage;
Rage;
Rak;
rakke;"sam;kom;rej"
Rakker;spades
Rakkere;
Rakkeri;
Rakkerknægt;
Rakkerkule;
ram;
Ram;
Ram;
ramme;
ramme;
ramme;
Ramme;
ramme;
Ramme;swords
Ramme;
Rampe;
Rams;flower
ranke;"bot;bol"
Ranke;
Ranke;
Ransel;anchor
Ranson;anchor
Ransone;
Ransoning;
rap;spr
Raphøns;
rappe;
Rappe;
rar;
rase;
Rasekop;
rasende;
Rask;
rask;anchor
Raskop;
Raskop;
rasle;
Rasp;wheel
rast;
Rast;wheel
Rast;
raste;
rat;tra
Rav;mercury
Re;
Rebbenspær;
Rebbespær;
rebe;
Rebe;
reberbane;hån
Reberbane;
Reberbane;
Rebslager;
Rebsmand;
Rebsmand;
red;hvn
Red;anchor
Red;
redde;spo
redde;
Redde;
reddesløs;
Redding;
rede;
rede;anchor
rede;
Rede;
redelig;
redelig;
Reder;
redig;
redskab;hån
Redskab;anchor
Refal;
Refald;
Regd;
Regel;
Regerer;
Regerere;
Regimente;
regne;"mat;mål"
regne;"mercury;"
regnere;
Regnere;
regnskab;erh
regnskab;erh
Regnskab;
Regnskab;
Rej;
Rej;
Rejnfal;
Rejnfald;
rejnfan;bot
Rejnfan;flower
rejse;rej
rejse;rej
rejse;"anchor;mercury"
rejse;mercury
Rejse;anchor
Rejsener;
rejsig;
Rejsig;
Rejsner;
Rekling;
Rekling;
Rem;
Rem;"swords;wheel"
Rem;
remme;
Remmesnider;
Remmesnider;
Remmesnidere;
Remmesnier;
Remmesniere;
remmet;
Remp;
Rempe;
Rempe;
Remsnider;
Remsnidere;
Remsnier;
Remsniere;
rende;
Rende;anchor
Rendebane;
Rendebane;
Rendespil;
Rendesten;anchor
Rengnere;
rente;"ban;øko"
rente;
Rente;
Rentemester;
Rentener;
Reppe;
Resener;
ret;"anchor;swords"
Ret;
Ret;
Ret;
Ret;
retfærdelig;
retfærdig;rel
retfærdig;
retfærdige;
Retfærdige;
Retfærdighed;
Retgang;
retmæssig;
Retning;swords
retsindig;
Retskyldig;
Rettebænk;
Retter;
Retterbænk;
Retterbænk;
Retterdag;
Rettergang;
Rettersværd;
Rettersværd;
Rettesnor;
Rettesværd;
Rettighed;
Rev;
Rever;
Revier;
Revir;anchor
Revle;
ri;skr
ri;anchor
Ribalde;
ribbe;"bot;bol;ark;spo;hån"
Ribbe;
ribbe;
Ribbe;"wheel;anchor"
Ridder;"spades;fish;flower"
ridderlig;
Ridderskab;
Riddersmand;
Ridelagen;
Rigel;
rigsk;
Rigte;
rigteligen;
rigtig;
rigtig;
Rilagen;
Rille;
Rim;
rime;
rimpe;håa
Rind;
Rind;
Rindsel;
ringe;øko
ringe;
Ringe;
Ringeldue;
rinsk;
Ris;
Ris;flower
Ris;mercury
Rise;
Riselsk;
Risk;
Risp;
rist;bol
rist;
Rist;
Rist;wheel
Rist;
riste;
riste;
ritmester;mil
Ritmester;
Ritte;
Rive;
rive;"swords;anchor;wheel"
Rive;
Rive-;wheel
ro;
Ro;swords
ro;anchor
rode;oad
Rode;
Rode;swords
rode;
Rode;
Rode;
Rodemester;
Rodemester;
Rodset;
Rodskær;
roe;bot
Roe;
Roe;flower
Rog;
Rok;
Rok;
Rok;
rokere;
rokke;zoo
Rokke;fish
Rokke;
Rokkel;
Rokkel;
Roland;
Romer;
romtalende;
Ror;anchor
Ror;
Ros;
Ros;
Rosbår;
Rosbåre;
Rosbaare;
Rose;"flower;swords;anchor"
Rosen-;
rosenfarvet;
Rosennobel;
Rosenobel;
Rosenobel;
Rosin;
rosom;
Rosom;
Rost;
Rostere;
Rotlask;
Rotsten;
rotte;zoo
Rotte;
Rottekrudt;
Rotværk;
rov;"kri;zoo"
Rov;
Rov;
ru;ana
ru;
ru;
Ru;
Ru;
Rubank;
Rubin;
Rud;
rude;"gla;ark"
rude;bot
Rude;flower
Rude;spades
Rude;
Rude;
Rue;
Rue;
ruelse;psy
Ruelse;
ruf;ski
Ruf;anchor
ruffe;
Ruffe;
Ruffer;
Ruffere;
Rufferi;
Rufferi;
Rufferske;
Rufoder;
Rug;
Rugfoder;
Rughugger;
Rugte;
Ruhugger;
Ruldug;
rulle;gas
rulle;"søf;øko;gas;nyd;spr;kri;bol;mad"
rulle;"anchor;wheel;mercury;swords"
Rulle;"swords;anchor;music"
Rulle;
rum;anchor
Rumeni;
Rummeldus;
Rummeldøs;
Rumor;
Rumor;
Rumpe;"swords;anchor"
Rumpe;
rumple;
rumstere;
rund;
Runddel;swords
Runddel;
Rundel;
rundholt;ski
Rus;
Rus;
ruse;anchor
Ruse;
Ruse;
Ruse;
Ruske;
Russer;
russisk;flower
Rust;
Rust-;
ruste;mil
ruste;anchor
rustig;
Rustmester;
rutte;
Ryg;
ryge;
Rygfoder;
Rygfoer;
Ryggeløs;
ryggesløs;
Rygkræf;
Rygkræft;
Rygløs;
Rygte;
rygtes;kom
rygtes;comet
Rygtig;
rykke;swords
Rylagen;
Rympling;
Ryspe;
Rystig;
Ryting;
rytter;"spo;mil"
Rytter;"bird;fish;spades;swords;wheel"
rytteri;mil
Rytteri;"mercury;swords"
Rytting;
Ræddike;flower
Rædike;
Ræk;
Rækel;
Rækel;
Rækel;
Række;"swords;wheel"
Række;
Række;
Rækkebænk;
Rækkje;
ræling;ski
Rænke;
Rødbrissel;
røde;
Rødgyder;
Rødskær;
Rødsten;"comet;mercury"
røffel;
røje;
Røjer;
røllike;bot
Røllike;flower
rømme;"mercury;wheel;anchor"
Rømme;
Rør;
rørdrum;zoo
Rørdrum;bird
Røre;
rørig;
Røst;
Røst;
Røstmester;
Røtte;
røve;
Røver;
Raa;anchor
Raad;
Raad;
Raadgiver;
rådhus;oad
Raadhus;
Raadmand;fish
Raadne;
Raadsfrue;
Rådslag;
Raadslag;
raadslaa;
Rådstol;
Råg;
Raage;bird
sabbe;
Sabel;
Sadden;
Sade;
Sadel;"swords;anchor;wheel;music"
Sadelfad;
Sadelmager;
Saden;
Saffe;
Safran;flower
Sagt;
sagte;
sagte;
sagte;
Sagte;
Sagte;
sagtelig;
Sagthed;
Sagtighed;
Sagtmod;
sagtmodig;psy
sagtmodig;
Sagvolder;
Sakke;
Sal;
salig;rel
salig;
Salighed;
Saliglig;
Sallun;
Salse;
Salsirken;
Salsirken;
Saltsole;
salve;apo
Salve;
salve;
Salvie;flower
Salving;
Salving;
Salvning;
sam-;
Samarie;
Samkøb;
samle;"hån;gas"
samle;"swords;wheel"
samt;
Samtkøb;
samtlig;
samvittighed;psy
Samvittighed;
Sandart;fish
Sanddune;
Sangmester;
sankt;flower
Sap;
Sardug;
Sardug;
Sargiant;
sart;
Sart;
Sasse;
Sav;
Sav;
Savblok;
Savdæle;
save;
Save;
savle;
Schartek;mercury
Schout;
Se;
seddel;ban
Seddel;
Sedefer;
Sedfer;
Segelsten;
segl;lan
segl;his
Segl;
Segl;flower
Seglatie;
segle;
Segle;
Seglgarn;
Seglrede;
Seglsten;
Segne;
Segnet;
Sejdenskib;
Sejdespil;
Sejer;
Sejer;
Sejerstund;
Sejerværk;
Sejerværk;
sejlads;søf
Sejlads;
sejlgarn;tin
Sejnskib;
Sejrværk;
Sejser;
Sekker;
Sekkering;
Seks;
Sele;anchor
Selle;
selle;
Selle;
Selle;
Selligen;
Sellje;
Selskab;
Selskab;
selv;spades
selv-;
Selvdigtet;
selvmyndig;
selvstændig;
selvvillig;
Selvvillig;
Selvvoxen;
Semand;
Sene;
Sengenætter;
Senkel-;
Sennes-;
Serpentine;swords
Setteni;
sevenbom;bot
Sex;
Si;
si;
Sibe;
sid;
Sideldort;
Siden;
Sidendort;
Sig;
Sigel;
Sigel;
Signet;flower
Sigt;
sigte;våb
sigte;gas
sigte;
sigte;anchor
Sigte;"anchor;swords"
Sigte;
Sigte;
sikker;
sikker;
Sikkerhed;swords
sikkerlig;
Sikling;
sikre;swords
Sikring;swords
Sil;
Silkestikker;
Simand;
Simle;
Simle;
simpel;"spades;swords"
Simpel;
Simpelhed;
sind;psy
Sind;comet
Sind;
Sindal;
Sindal;
Sindeldort;
sindelig;
Sindelig;
Sindendort;
Sindesløs;
sindig;psy
sindig;
Sindig;
Sindighed;
Sindlig;
Sindløs;
sindrig;
sindrig;
Singel;
Singel;
Singrøn;flower
Singrøn;
sinkadusen;
sinkadusen;
Sinke;
Sinke;
Sir;
Sir;
Sirat;music
Sirat;
sire;music
Sire;
Siring;
Sise;
Sisebod;
Sisik;
Sisiken;
sisken;zoo
Sisken;bird
Sisse;
sive;
Sjelvvoxen;
Sjov;anchor
Sjughed;
Sjunk;
Sjæl;"swords;music"
Sjælebad;
Sjæledag;
Sjælegave;
skab;bol
Skab;
Skab;
Skab;
-skab;
Skabelon;
Skabernak;
skabet;
Skaffe;
Skaffer;
Skaffere;
Skaffom;
Skak;anchor
Skakkeret;
Skaktavl;
Skal;wheel
Skald;
Skalk;
skalkagtig;
Skalkagtig;
Skalkefund;
Skalkefund;
Skalkelige;
Skalkhed;
Skalle;
skalmeje;msk
Skalmeje;music
skamfere;
skamfere;
Skamflikke;
Skamfærde;
Skamfære;
Skamfæring;
Skamme;
Skammel;
Skammel;
Skamper;
Skand;
Skand-;
Skandsten;
Skank;
skanse;mil
Skanse;
skanse;
Skanse;"swords;anchor"
Skanse;
Skar;
Skare;
skare;
Skare;
skarlagen;tøj
Skarlagen;
Skarn;spades
skarntyde;bot
Skarntyde;flower
Skarpe;
Skarperigter;
Skarpmese;
Skarpmetse;
Skarpretter;
skarre;
Skars;
Skarsk;
Skartek;
Skarteke;
Skarvagt;
Skarvagt;
Skat;
Skat;
skatte;
skatte;
Skavank;
skave;
ske;
ske;
Ske;
-ske;
Sked;
Sked;
Skede;
skede;
Skede;
Skede;
Skede;
Skedelig;
Skeding;
Skedning;
Skedsherre;
Skedsherre;
Skedsmand;
Skejdsherre;
Skel;"anchor;comet"
skel;comet
skele;
skelle;
Skemp;
Skempte;
Skemte;
Skene;
Skenkel;
Skenne;
Skerpentine;
Skever;
Skeversten;
Skibbrud;
skibe;"mercury;anchor"
Skibe;
Skibelse;
Skibmand;anchor
Skibsrustning;
Skibsrystning;
Skide;
skide;
Skidehus;
Skider;
Skidt;spades
Skifer;
skiffer;gel
skifte;"anchor;swords"
Skik;anchor
skikke;
Skikke;
skikkelig;
Skikkelig;
skikkelse;"fys;ana"
Skikkelse;
Skikking;
Skikkning;
Skildpadde;anchor
skildre;
skildvagt;mil
Skildvagt;swords
skille;
Skilling;"swords;flower"
Skilling;
skilt;
Skilt;
Skimling;
skimme;
skimmel;bot
Skimring;
skinbar;
Skinbar;
skinbarlig;
skind;"ana;mad"
Skind;"mercury;anchor"
skinde;
Skinde;
Skinder;
Skinderi;
Skinderi;
Skink;
Skinke;
Skinkel;
Skinne;
Skinneben;
skipper;"søf;spo"
Skipper;anchor
Skippund;
Skirrit;
skive;"kom;msk"
skive;anchor
Skive;"wheel;anchor;swords"
Skive;
Skje;
Skjold;"swords;anchor"
Skjorte;
Skjud;
Skjul;
Skobod;
Skodde;
Skok;
Skokketal;
Skolapper;
Skole;music
Skolæpper;
Skomager;"bird;anchor"
Skonfarsejl;
skonrog;mad
Skonrog;anchor
Skonroggen;
skorsten;"byt;mas;øko;hel"
Skorsten;
skot;ski
Skot;
Skotilje;
Skovisk;
Skovisk;
Skovl;"anchor;wheel"
skovle;anchor
Skovr;
Skrabe;
skraføjte;
Skrage;
Skramme;
Skramme;
Skrammet;
Skrange;
Skrank;
Skrankværk;
Skrat;
Skrave;anchor
Skred;
skridt;"zoo;ana"
skrift;"lit;rel;spr;typ;gra"
Skrift;
Skrig;
Skrige;
skrikke;
skrin;
Skrin;
Skrinmagere;
skrive;"mercury;quad;music"
Skrivén;
Skrivereskole;
Skrivertyg;
Skrivetyg;
skrode;
Skrodvægt;
Skrolle;
skrot;
Skrot;
Skrot;
skrubbe;wheel
skrue;"hån;ski;gas;spo;vær;psy"
skrue;"anchor;comet"
Skrue;"music;swords"
Skrue;
Skrump;
skrumpe;
Skruve;
skryde;
skrædder;skr
Skrædder;"flower;anchor"
Skrædder;
Skræddere;
Skræv;
skrå;tea
Skraa;
skraa;
skraa;swords
Skraa;swords
skråtobak;nyd
skubbe;
skubbe;anchor
Skubkarre;
Skubkarre;
skudde;comet
Skudde;
skude;skb
Skude;anchor
Skude;
skudre;
Skuestage;
Skuffe;
skuffe;
Skuffe;
skuffe;
Skuffel;bird
Skuffel;
skufle;
Skul;
Skulde;fish
skulder;"ana;zoo;tøj;med"
Skulder;swords
Skuldere;
Skuldre;
skule;
Skule;
Skuller;
skulpe;bot
Skulpe;
skulpe;
Skulpe;
Skult;
Skultus;
Skuløret;
skumme;
Skummer;
Skumring;
Skur;
Skur;
skure;hyg
skure;
Skure;
Skure;
Skurramme;
skurre;
Skurre;
Skutilsvend;
skutte;bio
skutte;
Skuttel;
sky;psy
sky;
Sky;
sky;
Sky;
Sky;
skylde;
Skylde;
Skyldener;
skyldig;"jur;psy;øko"
Skylding;
Skyldinge;
skyldner;øko
Skyldner;
Skyldning;
Skyldninge;
Skyldug;
Skyr;
Skyt;
Skyt;
Skyt;
Skytfærd;
Skytningsstue;
skyts;våb
Skyts;
skytte;"våb;mil;spo;asl"
Skytte;
skytte;
Skytte;fish
Skytte;
Skytte;
Skyttevold;
Skæft;
Skæftig;
Skæker;
Skæl;"anchor;wheel"
skælde;
Skælde;
Skældensord;
Skælding;
Skældsbrev;
skældsord;spr
Skældsord;
skælm;psy
Skælm;
Skælmer;
skæmme;
skænde;"kom;sex"
skænde;
Skænde;
skændelig;
Skændelig;
Skænder;
Skændere;
skændig;
skændig;
Skænk;
Skænk;
Skænk;
Skænk;
skænke;fam
skænke;
Skænkeskive;
Skænkeskive;
Skænkeøl;
Skæpperi;
Skærbrækker;
Skærbækken;
Skærdug;
Skærdug;
-skærig;
skærm;"fje;edb;tek;bol;bot;fly;fri"
Skærm;"swords;wheel;anchor"
Skærm;
Skærmbrækker;
Skærmbrækker;
Skærmbræt;
Skærme;
Skærmere;
Skærmerslag;
Skærmeslag;
skærmydse;
skærmydsel;scl
Skærmydsel;swords
Skærmyse;
Skærmytse;
Skærte;
skærv;øko
Skærv;
Skærv;
Skærve;
Skæv;
skæv;anchor
Skæv;
Skæve;
Skæve;
Skæver;
skæverdug;
Skævl;
Skævl;
Skøde;anchor
Skøge;flower
Skøge;
Skøgje;
skølpe;anchor
skøn;
Skøn;
Skønlig;
Skønlige;
Skønt;
skør;"flower;wheel"
skørbug;med
Skørbug;
Skørbug;
skøre;
skøre;anchor
Skøre;anchor
Skøre;
skørt;"tøj;aut"
Skørt;
skørte;anchor
Skørtedug;
Skaan;
skåne;
Skåne;
skaane;
Skånlig;
skaanlig;
Skaar;anchor
Slabberas;
sladre;kom
slag;
Slag;"anchor;music;wheel;spades;swords"
Slag;
Slagbro;
Slagbro;
Slage;
Slagge;wheel
Slagregn;
Slagside;anchor
Slagskat;
Slagt;
Slagt;
slagte;
Slagtemåned;
Slagtemaaned;
Slagter;
Slagting;
Slagtmåned;
Slagtning;
Slagtning;
Slagtorden;
Slagvindue;
Slagvindue;
slakke;anchor
Slange;
slank;
slap;
Slap;
Slapampe;
Slappe;
Slappe;
Slat;
Slat;
Slatte;
Slebe;
sleg;
Sleg;
slege;
Slege;
Sleger;
slem;
Slem;
Slemhed;
slemme;
Slemme;
Slemmelig;
Slemmere;
slet;music
Slev;
Slev;
Sli;fish
Slib;
Slib;
slibe;hån
slibe;wheel
slibrig;
Slibrig;
Slid;wheel
slik;gel
Slik;anchor
slikke;
slikker;pom
slimig;
Slimig;
Slimmig;
Slink;
Slinke;
Slips;
slire;anchor
Slopsæk;
slot;ark
Slot;
Slot;
Slotsherre;
Slotslog;
Slotslov;
Slu;
Sluffe;
Sluffe;
Slug;
sluge;
Slugop;
slumme;
Slumme;
Slump;
slumpe;
Slumpe;
slumre;
Slungel;
slunke;
slunken;
Slup;anchor
sluse;byg
Sluse;
Sluse;
slut;
Slut;
slutte;"anchor;swords;wheel;mercury"
Slutte;
Slutter;
Sluttere;
Slyde;
Slyde;
slynge;anchor
Slynge;flower
Slyngel;
Slyngel;
slæb;tøj
slæbe;jur
Slæbe;
slæbe;"anchor;mercury"
Slæbe;
Slæde;"anchor;swords;wheel"
Slægt;
Slægt;
slægte;
Slægte;
slæne;
slænge;
sløj;fyo
Sløjer;
sløjfe;
sløjfe;anchor
Sløjfe;music
Slømme;
Slømmelig;
Slømmere;
Slømpe;
slør;tøj
Slør;swords
sløre;anchor
sløse;
sløv;
Slå;
Smag;
Smag;
smage;
Smage;
smagelig;
Smagelig;
Smak;
Smakke;anchor
Smakke;
Smakke;
Smal;
Smalle;
smede;
Smide;
Smide;anchor
smide;"spades;anchor"
Smide;
smidig;"fys;ana;psy;msk;spr"
smidig;wheel
Smidig;
Smigelig;
Smigere;
Smigeri;
smitte;"med;tøj"
Smitte;
smitte;
Smitte;
Smolt;
Smuds;
Smug;
Smug;
smuk;"spr;met"
Smukke;
Smul;
Smult;
smykke;
Smæ;
smæde;psy
Smæde;
Smæde;
smædelig;
smægte;psy
smægte;
Smægte;
smægtig;
Smækfilleke;
smæle;
Smæle;
Smælig;
Smælighed;
Smærte;
Smøg;
Smøge;
Smør;music
smøre;wheel
smørrig;
smaa;"anchor;spades;quad"
Småhed;
Smaahed;
smaalig;
Snabel;
Snak;
Snak;
snakke;
Snakke;
Snaphane;
Snaphane;
snappe;"kom;zoo"
snappe;
Snare;
Snarke;
Snarkere;
Snaskeri;
Snat;
Snave;
Sne;
snedelig;
snedig;
snedker;sne
Snedker;
snedkre;
Snegl;"wheel;music"
Snekke;anchor
Snekke;wheel
Snekke;
Snekkje;
snel;
Snel;
sneppe;zoo
Sneppe;bird
Snes;
Snes;
Snikke;
Snikkje;
snildraadig;
Snippe;
Snive;
Snog;
snor;"hån;tøj;zoo;san"
Snor;
Snor;
Snore;
Snore;
Snoreret;
snorke;
snorke;
Snorke;
Snorker;
snorlige;
snorret;
snot;med
Snot;
snotte;
Snu;
Snude;anchor
Snude;
snue;
Snue;
snue;
Snue;
Snue;
snuppe;
snurre;
Snuve;
Snuve;
snyde;spades
snykke;
Snæbel;fish
Snære;flower
snøre;"mercury;swords"
Sobel;
Sobøder;
Sobøder;
Sod;
Sod;
Sod;
Sodbrænden;
Sode;
Sok;
Sold;
Soldat;
Soldener;
Solding;
Soldner;
Sole;
Sole;
Solvirrel;
Som;
Sommerfugl;
Sone;
sone;
Sone;
Sone;
Sopken;
sorgfældig;
Sorrigfældig;
Sotidsel;
Spa;
spade;
spade;
Spade;swords
Spade;
spadsere;
Spage;anchor
Span;
Span;
Spand;
Spand;anchor
Spandemager;
Spandrem;
Spang;
Spanskgrønt;"mercury;flower"
spareribs;mad
Sparkalk;
Sparlagen;
Sparlagen;
spat;med
Spat;
spe;
Spe;
Spe;
Speceri;
Sped;
spedalsk;med
spedalsk;
spede;
Spefugl;
Spege-;
Spegelfægting;
Spegelfægtning;
spejde;
Spejder;
Spejl;"anchor;swords"
Spel;
Spelle;
spelt;bot
Spelt;flower
Spelt;fish
Spelt;
spelte;
Spelte;
Spene;
Spergel;flower
Spid;wheel
Spid;
spidde;
Spide;
Spids;"wheel;spades;swords"
Spids;
spids;"anchor;music"
Spids;
Spidsbub;
spidse;
Spidse;
Spidseri;
Spidshat;flower
Spidsrod;
spiger;tøm
Spiger;
Spikenard;flower
Spiker;
spil;"spi;spo;msk;tea;kun"
spil;tek
Spil;"spades;music;swords"
Spil;anchor
Spil;
Spil-;"anchor;wheel"
Spilde;
spilde;
spile;anchor
Spilfugl;
Spilfægtning;
Spilhus;
spille;"spo;msk;kun;tea;kul;fri;spi;sex;øko;tek"
Spille;
spille;"swords;music;anchor;spades"
Spille;
Spillefugl;
Spillefugl;
Spiller;
Spilleside;
Spilling;
Spilside;
Spiltov;
spindeside;
Spindeside;
Spinkel;
spinket;
Spir;anchor
Spire;
Spirisk;
Spis;
spise;mad
Spise;
spise;
Spise;
Spise;
Spiser;
Spiseri;
Spitalig;
Spjudstage;
splejse;"søf;bio;øko;fam"
splid;"scl;psy"
Splid;
splide;
Splide;
Splint;anchor
split;"tek;gas;spo"
Split;
splitre;
Splitte;
spo;
Spode;
Spoe;
Spog;
Spog;
spole;
Spole;"wheel;flower"
spolorm;zoo
Spolorm;
Spord;
spore;
Spore;"anchor;swords"
Spot;
spotsk;
Spottelig;
Sprang;
sprede;"hyg;fys;ana"
sprede;"wheel;music;swords"
Sprekker;
Spring;
Springhorn;
Springkorn;
Sprinkel;
Sprinkel;
Sprinkler;
sprinklet;
Sprinklet;
sprog;spr
Sprog;
Sprog;
Sprog;
Sprok;
Sprot;
Sprot;
sprude;
Sprung;
Sprung;
Sprutning;
Sprutte;
Spryd;anchor
sprydstagsejl;ski
Sprytling;
Spræk;
Sprække;
Sprække;
Sprækker;
sprænge;wheel
Spraade;
Spund;
Spund;
spunde;
Spunde;
Spy;
Spy;
Spy;
Spyd;wheel
spydig;kom
spydig;
spydsk;
Spydstage;
Spygat;anchor
Spæk;anchor
spækhøker;han
Spækhøker;
spække;anchor
spænde;
spænde;wheel
Spænsgrøn;
Spænsgrønt;
spær;byt
Spær;
Spær;
Spærhage;
Spærkalk;
Spærlagen;
spærre;mercury
Spærvogn;
spøge;
Spøge;
Spøgelse;
Spøgeri;
Spøl;
Spøl;
Spøle;
Spåne;
Stabel;
Stabel;
stabelafløbning;ski
Stabelgods;mercury
Stabelgods;
stable;
stad;geg
Stad;
Stade;
stadelig;
stadfæste;mercury
stads;
Stads;
Staffeli;
staffere;"hån;håa"
staffere;
Staffere;
Staffiere;
Stag;"anchor;wheel"
stage;anchor
Stak;
Stakit;
Stal;
Stal;
Stalbroder;
Stalbroder;
Stald;
Staldbroder;
stalde;
Stalde;
Stalde;
Stalding;
Staldmester;
Staler;
stalle;
Stalmester;
stamle;
stamme;"bot;etn;bio;spr"
Stamme;"wheel;spades;swords"
Stammet;
Stampe;
stampe;anchor
Stampe;
Standaftig;
Standart;swords
Stande;
standfast;
Standfast;
standhaftig;psy
standhaftig;
Standhaftig;
Stands;
Stangkrejer;
Stangkrer;
Stank;
starblind;fyo
starblind;
stat;"geg;sam;oad"
Stat;
Stat;
statelig;
statelig;
Statelig;
statholder;his
statholder;his
Statholder;
Statlig;
Stavn;
Stavn;
stedse;
stedse;
Steg;
Steg;"music;wheel"
Steg;
stejl;psy
stejl;anchor
Stejl;
Stejle;
Stekemes;
stel;"tek;bol"
Stelle;
stelpe;
Stelpe;
stemme;mercury
Stemme;music
Stemp;
stempe;
stempel;tek
Stempel;wheel
stemple;
Stenbider;fish
Stenbikke;flower
Stenbikker;fish
Stenbræk;flower
Stenbuk;
Stenbøsse;
Stenbøsse;
Stene;
stenet;
Stenhus;
Stenig;
Stenlim;
Stenmarv;
Stenpikkere;
Stensluffe;
Stenugle;bird
Stenugle;
Sterredros;
Stervbo;
Sterve;
Stevel;
Stever;
Stevere;
Sti;
Sti;
Stif-;
stift;rel
stift;hån
Stift;
Stift;
stifte;
stifte;
Stig;
Stige;
stige;"wheel;music"
Stigt;
Stigte;
Stihage;
stik;anchor
Stik;"spades;anchor;wheel"
Stikbovt;anchor
stikke;"zoo;med;håa;tøj;spi;søf;gas;kom"
stikke;"zoo;med;håa;tøj;spi;søf;gas;kom"
stikke;"anchor;spades;wheel"
Stikke;wheel
Stikke;
Stikketøg;
Stikpenge;
Stikpille;
Stilk;wheel
stille;"anchor;mercury"
stille;
stille;"swords;anchor;mercury;wheel"
stillids;zoo
Stillids;bird
Stillighed;
Stilling;
Stilling;swords
Stilling;
Stim;
stime;
Stimpere;
stind;
Stinke;
Stint;
Stinte;
stiv;"met;mad"
stiv;"music;flower;wheel;anchor;mercury"
Stiv;
stive;anchor
Stivelse;
Stivnakket;
Stjerne;"wheel;mercury"
Stjernekiger;"fish;anchor"
Stjerneskud;
Stjøvl;
Stob;
Stob;
Stod;
stodre;
Stok;
Stokblind;
Stokfisk;"mercury;fish"
Stokhus;
Stokkeknægt;
Stokkerhus;
Stokkerknægt;
Stokmester;
Stolbroder;
Stolebroder;
Stolesbroder;
Stolgang;
Stolpe;anchor
Stolsbroder;
stolt;flower
stoltelig;
Stoltelig;
Stolteligen;
Stolthed;
stoltsere;
stoppe;"nyd;med;håa"
stoppe;"anchor;music"
Storm;anchor
storme;anchor
Stormhage;swords
Stov;
Stove;
Strade;
Straf;
straffe;jur
straffe;spades
Straffe;
straffelig;
Straffelig;
strag;
Strag;
straks;
straks;mercury
stram;"ana;psy"
stram;mercury
Stram;
Straten-;
Stratenrøver;
Strax;
Streg;"music;spades;anchor;swords"
Stregmaal;
strejfe;psy
strejfe;
Stremel;
Stremmel;
streng;
Streng;
Strenge;
strengelig;
Stretsko;
Strevig;
Strib;
stribe;"mil;bog"
Stribe;
Stribe;
stribet;"flower;mercury"
Strid;
Strid;
stridbar;
stride;s
stridig;
Strig;
Strige;
Strik;
strikke;håa
strikke;
strikke;wheel
Strikke;
Strikke;
Strikmur;
Strikværn;
Strime;
Strime;
strimmel;"gel;flm"
Strimmel;
strinte;zoo
strinte;
strip;kun
strip;kun
Strippe;
Strud;
struds;zoo
Struds;bird
Strudse;
Strukrøver;
Strumpe;
strunk;
Strunt;bird
Strut;
stryge;"music;anchor"
Stræbe;
Stræde;
strække;"hyg;spo"
strække;"anchor;wheel"
Strække;
Strækkeben;
Strækkeben;
Stræve;
Strømling;fish
strømpe;tøj
Strømpe;
Strøv;
Strøve;
stråle;"fys;med;zoo"
Straale;
Stub;
Stubbe;
Stube;
Stube;
Studium;
studse;spo
Stue;wheel
Stukke;
stum;"music;bird"
stump;
stump;"fys;mat;kri"
Stump;"anchor;spades"
stump;wheel
Stump;
Stump;
stumpe;tøj
Stumpere;
stumple;
Stumple;
Stund;
Stund;
stunde;
Stunde;
Stunde;
Stundeglas;
Stundeglas;
sturen;
Stuv;
stuv;anchor
Stuv;
Stuv;
stuve;
stuve;mad
stuve;
stuve;anchor
stuve;wheel
Stuve;
Stuvning;
Stykke;
Stykkje;
Stylp;
stylpe;
Stylpe;
Stymper;
Stympere;
Stymple;
Styr;anchor
Styr;
Styr;
Styr;
Styrbord;anchor
styre;
styre;anchor
Styre;
Styre;
Styrmand;
styrre;
Styrre;
Styrring;
styrte;sam
Styrte;
styrte;
Styrte;
Styrtekule;
Styrtning;"swords;anchor"
Styrvolt;spades
styve;
Styve;
Styver;
Styver;
stædig;
Stæmp;
Stæmpe;
Stæmpel;
Stændig;
stær;med
Stær;
stærblind;"fyo;hel"
Stætte;
Stævn;anchor
stævne;
Stævne;
Stød;"swords;anchor"
Stød;
Støder;
Stødere;
støje;
Støjt;
Stømpere;
stønne;
Stør;fish
støtte;øko
støtte;øko
Støtte;"anchor;spades"
støtte;"anchor;swords;spades"
støv;"bot;zoo;rel;bol"
Støv;
Støv;
støve;"hyg;jag"
støve;
Støve;
Støve;
Støveken;
Støvel;
Støver;
Støver;
Støvere;
Støvken;
støvle;tøj
Støvle;"music;anchor"
støvlet;
Støvmel;
Støvmel;
Støvning;
Stålbroder;
Ståldbroder;
Stålde;
Stålde;
Stålmester;
Stånde;
Ståvn;
Suben;
Suben;
Sudler;
Sudlere;
Sudryg;
sukker;"mad;kem"
Sukker;mercury
Sukker;
Sukte;
Sum;mercury
Summe;
sump;"geg;tek"
Sump;
Sump;
Sumpe;
Sund;
sund;mercury
Sund;
Sund;
Sunde;
Sundhed;
Suppe;
Suput;
sur;
Suremule;
surfittig;
Suring;
surmule;
Surmule;
surre;
Surseende;
Sus;
Svaber;anchor
Svadanig;
svag;"fyo;hel;bio;tek;psy;sam;spr"
svag;"spades;mercury"
Svag;
svage;
Svage;
sval;
Svale;bird
Svalm;
Svalm;
Svamp;
Svang;
Svang;
svanger;
Svanger;
Svans;"swords;wheel"
Svans;
svanse;
svanse;swords
Svaring;
svarlig;
Svarlig;
Svarm;
Svart;
svejfet;ark
Svend;
Svenk;
Svenke;
Svibbue;
Svibel;
Svig;
Svigerske;
Svik;
Svike;
Svikke;
Svime;
Svimelse;
Svimeslag;
svimeslaa;
svimle;
svimmel;fyo
Svimmel;
Svind;
Svindig;
Svindighed;
svindt;
Svinedrift;
Svinepenninge;
svinge;"fys;dan"
Svink;
Svinke;
Svinke;
svire;drk
svoger;fam
Svoger;
Svoger;
svogre;
svovl;"kem;rel"
Svovl;
svulst;med
Svulst;
svække;hel
svække;"mercury;swords"
Svælg;
svænge;
Svær;
Sværdfeger;mercury
Sværdfegere;
Sværdfejere;
sværdside;
Sværdside;
Svære;
Sværke;
Sværm;
Sværme;
sværte;skm
sværte;
svæve;music
Svøbe;anchor
Svåg;
sy;anchor
syd;geg
syd;anchor
syde;
Syden;
syden;
sydost;anchor
Syl;
Syld;
Syldøkse;
Syldøxe;
Sylle;
Sylt;
sylte;"gas;ana"
sylte;gas
Sylte;
sylte;
Sylte;
Syn;comet
Synav;flower
Synav;
synderlig;
synderlig;
Syndige;
Synest;
Syre;flower
sæbe;hyg
Sæbe;
Sæbe;
Sæbe;
Sæde;"swords;wheel"
Sædelig;
Sæk;
Sækkedragere;
Sækkertal;
Sæl;
Sælhund;
sælsom;
sælsom;
Sæms-;
sænke;"wheel;music"
sær;
Sætje;
Sætning;
Sættenagle;
Søbe;
sød;
Søgere;
Søjle;
Søle;
Sølver-;
Sølverglød;
Sølvgled;
Sølvglede;
Sølvglød;
Sølvgløde;
Sølvpop;
Sølvskum;wheel
Sølvskum;
Sømme;
Sømmere;
Sønderjyde;
Søpig;
Søsling;
Søsterskap;
søværts;anchor
Søværts;
Saad;
sådan;
saadan;
Saal;"wheel;anchor"
Saat;
Såte;
Tabelet;
Tabin;
Tablatur;
Tabulatur;
Tabulet;
tadre;
Taffel;
Taffel;
Taffelsmide;
Taft;
Tag;
Tagge;
Tagl;
tak;zoo
tak;zoo
Tak;
Takkel;anchor
takkelage;ski
takle;"søf;ski"
taknemmelig;
Tal;
Tale;
tale;
Talemand;
Talg;
tallerken;mad
Tallerken;
Talsmand;
Talsmand;
Tamper-;
Tang;
Tang;
Tange;
Tanke;
Tanke-;
Tankebog;
Tankebog;
Tankebrev;
Tankebrev;
tant;sex
Tant;
Tant;
Tap;"swords;wheel"
Tapet;
Tappegæld;
Tarse;
Tarter;
taske;tøj
Taskemager;
Taste;
Tatar;
Tater;
Tater;
Tavl;
Teglslager;
Teglslagere;
Teglsten;
Telbøsse;
Tele;
Telhage;
Tellebøsse;
telt;fri
Telt;"comet;s"
Teme;
Temme;
temmelig;
temmelig;
Temmelig;
Tempel;
Tempere;
temperere;music
Temperere;
Ten;
Ten;
Tengsel;
Tenværk;
Tere;
Tere sig;
Teriak;
Terig;
Terighed;
Terne;
terning;"spi;mat"
Terning;wheel
tese;spades
Test;
Tid;
Tidepenge;
Tidevand;anchor
Tidfordriv;
Tidfordrive;
tidig;music
Tidig;
Tiding;
Tiding;
Tidinge;
Tidkorting;
Tidkortning;
Tidkortning;
Tidkørting;
Tidkørtning;
tidlig;
tidlig;
Tidløs;flower
tidsfordriv;
Tidsfordriv;
Tidskorting;
Tidskortning;
Tidskørting;
Tidskørtning;
til;
til;"anchor;plus"
Til;
tilbage;
tilbede;
tilbehør;gas
Tilbehør;
Tilbehøre;
tilbehørende;
Tilbehørig;
Tilbehøring;
Tilbehøring;
Tilbehøringe;
tilberede;
Tilbeskære;
tilbetro;
tilbinde;
tilbringe;
tilbringe;
Tilbringere;
tilbøje;
tilbørlig;
tildele;
tildrage;
tildrikke;
tildrive;
Tildrægig;
Tildræglig;
Tilfald;
tilfalde;
Tilflugt;
tilfly;
Tilflaad;
tilforladelig;
tilforn;
tilforn;
Tilforn;
Tilfornet;
Tilforsigt;
Tilforsigt;
tilfreds;
Tilfælde;
tilfældig;sta
tilfældig;
tilføje;
Tilfør;
Tilføre;
tilgedan;
tilgenegen;
Tilgift;
tilgive;spades
Tilhold;
tilholde;
Tilholder;wheel
tilhugge;
tilhænge;
Tilhænge;
Tilhænger;
tilhøre;
Tilje;
tilkomme;
tilkomst;
Tilkomst;
Tilkomst;
Tilkomstig;
tillade;spades
Tillag;
Tillag;
Tillange;
tillede;
tillige;
tillige;
tillokke;
tillægge;mat
tillægge;
Tilløb;
tilovers;
tilpas;
tilpas;
Tilplanke;
tilpligte;
tilrette;
Tilsagn;
tilsammen;
Tilslager;
Tilspunde;
tilstede;
tilstå;jur
tilstaa;mercury
Timmer;mercury
Tims;
Timse;
timse;
Timse;
Tin;
Tind;
tinde;"gel;ark"
Tinde;
Tinding;
Tine;
Tingbog;
Tingbog;
Tingbænk;
Tingdag;
tinge;
tingest;
Tingest;
Tinghus;
Tinghøring;
Tinghøring;
Tingmand;
Tingmand;
Tingstok;
Tingstok;
Tingsvidne;
Tingtid;
Tingtid;
Tip;
Tiran;
Tiranne;
Tirumtej;
Titling;
tjalre;
tjene;mercury
Tjener;
Tjeneste;"anchor;mercury"
tjenstagtig;
tjenstlig;
Tjuvestok;
Tjære;
To;
to;
Tobin;
tobis;zoo
Tobis;fish
Tofte;anchor
Tog;
Tog;
Tog;
Togbrigge;
toge;
Togger;
Togsmand;
Tolast;
Told;anchor
Told;wheel
tolde;
tolder;tol
Tolder;
Toldne;
Tolk;
tolke;
Tolv;
Tolve;
Tom;
Tomb;
tone;anchor
Tone;"music;swords;anchor"
Top;"anchor;wheel;spades;mercury"
Tornej;
tornirisk;zoo
Torpelig;
Toslagere;
Tost;
Tot;
Tov;anchor
Tov;
Tove;
tove;anchor
Tove;
Tovre;
Trads;
Tradselig;
tragt;
tragte;
tragte;
Tral;
Tralle;
Tralle?;
trampe;"fri;mad"
trampe;anchor
Tran;
Trane;bird
Tranehals;flower
trang;
Trang;
trante;
Trante;
trappe;byg
trappe;
Trappe;bird
Trappe;"anchor;wheel"
Trappe;
Trappedrager;
Trappedreger;
Trav;swords
trave;zoo
trave;
Travn;
Tremet;
tremme;ark
Trent;
Tresor;
Tresur;
Tresur;
Tribalt;
Tribut;
Tridse;
Tridse;
Trille;
Trilling;
Trimet;
trind;
Trind;
Trindel;
Trip;
Trip;
trippe;
trippe;
trisse;hån
trisse;
Trisse;anchor
Tro;
tro;
tro;
trods;psy
Trods;comet
Trods;
Trodselig;
trolig;
trolove;
Trometere;
tromme;msk
Tromme;"music;wheel;spades"
Tromme;
Trommetere;
Trompe;
Trompere;
Trompet;"music;fish;anchor;swords"
Trop;
Tros;swords
Tros;
trosse;hån
Trosse;anchor
Trosse;
Trukke;
Trumpe;
Trumpe;
Trumpeslaere;
Trumpeslagere;
trygle;kom
trygle;
Trygle;
Trygler;
Tryglere;
Trykke;
Træd;
træde;"kom;erh;mil;dan;tea"
træde;"anchor;swords"
træffelig;
Trægt;
Træk;
Træk;"spades;mercury;wheel"
Træk;
trække;"tek;spi;bol;han;fyo;øko;spo;sex;fys;mil;med;edb"
trække;"wheel;swords;spades;anchor;mercury"
Trække;
Træmme;
Trænge;
trænge;
Trængsel;
Træring;
Træring;
træsk;
Træsor;
Træsur;
Træt;
Trøgle;
Trøglere;
Trøj;
Trøje;
Trøje;"swords;wheel"
Trøjedus;
Trøle;
Trøler;
Trøst;
trøste;
Traad;
Tråde;
Tub;
Tubin;
tud;ana
Tud;
Tud;
tude;
Tude;
Tudehorn;
Tugt;
Tugt;
tugte;
Tugte;
tugtelig;
Tugtemester;
Tugtemestere;
tugtig;
Tugtig;
Tugtighed;
Tugtmestere;
Tugtughed;
tumle;psy
tumle;
Tumle;
Tumler;bird
tumpe;
Tun;
Turbit;
ture;
turig;
Turig;
Turkeland;
Turkis;
Turlig;
turnere;
turteldue;zoo
Turteldue;bird
Tusindblad;flower
tusindfold;
Tusindkunstner;
Tusk;
Tusk;
tuske;han
tuske;
Tuske;
Tuskeri;
tusse;
Tut;
tutte;
Tvar;
Tvebak;
Tvebak;
Tvedragt;comet
Tvedragt;
Tvedragt;
Tvedragtig;
Tvedragtighed;
Tvedrægt;
Tvedrægt;
tvedrægtig;
Tvedrægtig;
Tvedrægtighed;
tvefoldig;
Tvefoldig;
Tvefoldighed;
tvefærdig;
Tvege;
tvi;
Tvidragt;
Tvidragt;
Tvidragtig;
Tvidrægt;
Tvidrægt;
Tvidrægtig;
Tvil;
Tvilagtig;
Tvilagtighed;
Tvile;
Tvilelig;
tvist;jur
Tvist;
Tvist;
tviste;
Tviste;
tvistig;
Tvivl;
Tvivl;
tvivlagtig;
Tvivlagtig;
Tvivlagtighed;
tvivle;
Tvivle;
Tvivlmod;
tvivlmodig;
tværs;"anchor;mercury"
ty;
Tygt;
Tygtighed;
Tygtughed;
Tykke;
Tykke;
Tymle;
tynd;anchor
Tyr;
Tyran;
Tyranne;
Tyre;
Tyrk;
Tyskendæk;anchor
Tysse;
Tyveri;
tæge;zoo
Tæge;
Tæge;
tænke;"psy;kom"
tænke;
Tænkebog;
Tænkebrev;
tæppe;"bol;tea"
tæppe;
Tæppe;
Tæppede;
tære;"kem;hel"
tære;wheel
Tærer;
Tærer;
tærge;
Tærling;
Tærning;
tærske;
Tærskel;anchor
Tærtelig;
tærtet;
tæve;zoo
Tæve;
Tæve;
Tøddel;
tøffel;tøj
tøffel;tøj
Tøffel;
Tøj;swords
-tøj;sad
Tøje;
Tøjel;
Tøjte;
Tømmer;anchor
Tømmermand;anchor
Tønde;anchor
Tørk;
tørne;"anchor;wheel"
Tørst;
tøve;
tøve;
Tøvre;
Taabe;
taag;
Tåge;
Taage;swords
Taal;
taale;
Tålsmand;
tårn;"ark;spi"
Tårn;
Taarn;"anchor;swords"
Uadel;
Uadel;
uafladelig;
uagtet;
uanset;
Uart;
uartig;
Uartig;
ubarmelig;
ubarmhjertig;
Ubegiven;
ubegribelig;
Ubehag;
ubehjælpelig;
ubehjælpsom;
Ubehørlig;
ubekendt;
ubekvem;
Ubekvem;
ubekvemmelig;
ubekymret;
uberedt;
Uberugtet;
uberygtet;
uberaad;
ubeskadiget;
Ubeskedelig;
ubeskeden;
Ubeskeden;
Ubeskedenhed;
ubeskedenlig;
Ubeskedentlig;
Ubeskeenhed;
ubeskrivelig;
ubeskaaret;
ubesmittet;
ubestandig;
ubesværet;
ubetalt;
ubetænkelig;
ubetænkt;
ubevant;
Ubevaren;
Ubevendt;
ubevidst;
ubevægelig;
Ubevåren;
ubillig;
ubrødelig;
ubændig;
ubørlig;
Ubørlig;
udarbejde;
udbede;
udblæse;"wheel;swords"
udborge;
Uddrag;mercury
Uddrag;
Uddragt;
udeblive;
Udeglig;
Udelade;
udelelig;
udfalde;anchor
udfeje;
Udfetalje;
Udflugt;
Udflugt;
udflugtisk;
udfly;
Udfly;
Udflaad;
udfordre;spades
udfærdige;
Udfærdige;
Udfølge;
udføre;"anchor;mercury"
Udgift;mercury
udhøkre;
Udhøkre;
udkejse;
Udkejse;
Udkejsning;
Udkese;
Udkige;
Udkomst;
Udkrejere;
udkræfte;
udkvælde;
udlade;
Udligger;
Udlosse;
Udluge;
udlægge;"anchor;wheel;currency"
Udlægger;"spades;wheel;anchor"
udlændig;
Udlændig;
udlændisk;
Udlændisk;
Udlændsk;
udlæse;
Udperse;
Udpæle;
udrede;
udrette;
Udrette;
Udrettere;
Udse;
Udsknide;
Udskrive;
udstede;mercury
Udstryge;
udstyre;
udstyrte;
Udstyrte;
Udstyrting;
Udstyrtning;
Udstæde;
udstøde;wheel
udstaa;
udsælge;mercury
Udsætning;swords
udsætte;"swords;anchor;music;wheel"
Udsætter;swords
udtappe;
udtegne;
Udtinge;
udtjene;
Udtog;
Udtog;
udtolke;
udtrykke;
Udtrykke;
udtrække;
udtrænge;
udtvinge;
udtyde;
Udtælje;
udtælle;
udtære;
Udtære;
uduelig;
Udvagt;
udvaske;
udveje;
udvendig;
udvige;music
udvippe;
udvise;mercury
Udvising;
udviske;swords
Udvisning;
Udvisning;
udvortes;
udygtig;
Udygtig;
Udyldig;
Udædere;
udædig;
udæske;
Ueffen;
Uendelig;
Uendig;
Ufejlig;
Ufelig;
ufinlig;
Uflid;
Uflid;
Uflødig;
uforbigængelig;
Uforbigængelig;
Uforborget;
uforbrødelig;
Ufordragelig;
Ufordægtig;
uforfaren;
Uforfængelig;
uforfærdet;
uforgribelig;
uforgængelig;
Uforklaget;
Uforlagt;
uforlignelig;
Uforlovet;
uformodende;
Ufornuft;
uforrette;
uforsagt;
uforseende;
Uforseende;
Uforseendes;
uforsigtelig;
uforsigtig;
Uforsigtig;
uforskammet;
Uforskammet;
Uforskamt;
Uforskrevet;
Uforskæmmet;
Uforskæmt;
ufortrøden;
ufortrøden;
ufortøvet;
ufortøvet;
Uforvandelig;
Uforvandes;
Uforvandlig;
uforvarende;
uforvarende;
Uforvindelig;
Uforårsaget;
ufærdig;
Uføje;
uføjelig;
Uge;
Ugelspegel;
Ugelspel;
ugemen;
Ugle;bird
Uglspil;
Uhyr;
uhyre;
uhyre;
Uhyre;
uhyrlig;
uhørlig;
Uhørsam;
Uhørsom;
Uhørsom;
Uhørsomme;
uhørsommelig;
Ukrud;
ukrudt;hav
Ukrudt;
Ukunstig;
Uld;
Uledighed;
Ulejlighed;
Ulempe;anchor
Ulempe;
ulidelig;
Ulidelig;
Uliderlig;
Ulm;flower
Ulspegel;
Ulspel;
Ulust;
Ulv;
ulykke;"ber;hel"
Ulykke;
Ulykke;
ulykkelig;
ulyst;psy
Ulyst;
Ulyst;
umage;
Umage;
umanerlig;
Umbevaren;
Umbevåren;
umenneskelig;
umulig;
umyndig;
Umægtug;
Umær;
Umaade;
umaadelig;
Und;
und-;
unddrage;
unde;
Unde;
Unden;
under;"anchor;swords;mercury"
Under;
Under;
underbringe;swords
underbygge;
underdan;
Underdan;
underdanig;
Underdanig;
underdykket;
Undergang;
Undergange;
undergive;
undergrave;
Undergå;
undergaa;
Underhold;
underholde;
Underholdning;
Underhus;
underhyre;
Underhyre;
underkaste;
Underkøb;
underkøbe;
underlade;
Underlag;
underlegen;
underlig;
underlig;
underligge;
underlægge;
underløbe;anchor
Undermester;
undermænge;
Underpant;
Underretning;
underrette;
underrette;
Underrykke;
Undersked;
Undersked;
underskede;
Underskede;
Underskedelig;
Underskeding;
underskedlig;
Underskedlig;
Underskedning;
underskrive;mercury
Underslag;anchor
underslaa;anchor
underst;
underst;anchor
Understa;
Understande;
understikke;spades
Understikke;
Understundem;
Understunden;
Understundum;
Understøndem;
Understøndum;
understøtte;
understå;
Understå;
understaa;
undersætte;music
Undersætte;
undersøge;
undersåt;
Undersaat;
undertiden;
Undertiden;
Undertidene;
undertrykke;
undertrykke;
undertræde;
Undertræde;
undertrænge;
Undertråde;
undertvinge;
undervejs;
Undervinde;
undervise;und
undervise;
Undervisning;
undervoksen;
Underværk;
undfalde;
undfange;bio
undfange;
undfare;
undfly;
undflyve;
undfri;
undføre;
Undgeld;
undgælde;
undgælde;
undgaa;
undholde;
Undholde;
undkomme;
Undlade;
Undledige;
undlive;
Undlive;
undløbe;
undre;
Undrede;
undrende;
undride;
undrykke;
Undrykke;
undrømme;
undse;psy
undse;comet
Undse;
Undse sig;
Undsegle;
undsejle;
Undsejle;
undsige;
Undsige;
Undskulde;
undskylde;
Undskylde;
Undskyldige;
Undslå;
undslaa;
undspringe;
Undstande;
undstikke;
Undsæt;
Undsætning;swords
undsætte;swords
Undsætte;
Undvende;
undvige;kri
undvige;
undvære;
Undværge;
Unge;
Ungeld;
Unseguld;
Unuttig;
Unuttug;
unyttig;
Unyttig;
Unyttug;
unødig;
Unaade;
Upligt;
Upligt;
Upligtelig;
Upligteligen;
upligtig;
ur;"ast;bio"
Ur;
Ur;spades
urede;
Urede;
uredelig;
Urene;
Urenige;
urette;
Urettighed;
Urhane;bird
urigtig;
urimelig;
Urt;
Urtegaard;
Uråd;
Uraad;
uraadig;
usindig;
Usindighed;
Uskaffet;
Uskik;
uskikkelig;
Uskyld;
uskyldelig;
uskyldig;
Uskyldighed;
usmagelig;
usmittet;
Ustorm;
Ustyr;
Ustyr;
ustyrlig;
usund;wheel
Utaknem;
Utemmelig;
Uterig;
uterlig;
Uterlig;
utoet;
Utugt;
Utugt;
utugtelig;
utugtig;
Utygt;
Utøj;
Uvidskab;
uvildig;
Uvilje;
uvitterlig;
uvittig;
Uædel;
uægte;mercury
Uægte;
uår;
Uaar;
Vad;
Vade;
vade;swords
Vadmel;
Vadmel;
vadsæk;
Vadsæk;
vagt;"erh;byg;kom;psy"
Vagt;"swords;anchor"
Vagt;
Vagte;
vagtel;zoo
Vagtel;"bird;swords"
Vagtpenge;
Vagtpenge;
Vagtpenninge;
Vajd;flower
vaje;anchor
Vaje;
Vajmel;
Vak;
Vakandelbær;
Vakkerlig;
Vakkerligen;
vakle;
Val;anchor
Vale;
valen;
Valfart;
Valkemølle;
Valkmølle;
Valle;
Valmel;
Valning;
Valnød;flower
Valravn;
Valse;
Valstad;
Valsted;
Valsted;
valtre;
Vams;
Van;
van-;
vanbyrdig;
vandbakkelse;bag
vande;"anchor;swords"
Vandel;
Vandel;
Vandelbar;
Vandkalv;
Vandkarse;flower
Vandkrukke;
Vandkunst;
vandle;
Vandle;
Vandløsning;
vandre;"fri;zoo;hån"
vandre;anchor
Vandre;
Vandring;anchor
Vandsnider;
Vandsten;
Vange;
vanke;
vanke;
vankel-;
Vankelbar;
Vanmagt;
Vanne;wheel
Vanne;
Vanrygtig;
vanskabt;
Vant;anchor
Vantmager;
Vantro;
varagtig;comet
Varde;anchor
Vardemand;
vare;han
vare;
vare;
Vare;anchor
Vare;mercury
Varere;
Varetårn;
Varetaarn;
varig;
Varmel;
varmgar;
Varp;anchor
varpe;søf
Varsige;
varsko;kom
varsko;anchor
Vartavl;
varte;
vartegn;
Vartegn;
Vartegn;
varulv;myt
Varulv;
Varulv;
vaske;"hyg;gel"
vaske;
vaske;"mercury;spades;anchor"
Vaske;
Vaterkarse;
Vaterkårse;
Vaterspil;
vattersot;med
Vattersot;
Vav;flower
ve;
Ve;
Ve;
ved;quad
Vedage;
Vedaske;
Vedbend;flower
Vede;
veder-;
vederbugtet;
vederdøbe;
Vederdøber;
vederfare;
vederfares;
Vedergæld;
vedergælde;
Vederhage;
vederkvæge;
vederkvæge;
vederlag;øko
Vederlag;
Vederlig;
Vederlyd;
vederlægge;
Vedermod;
Vedermod;
Vedermodig;
Vederpart;
Vederråbe;
vedersige;
Vedersige;
Vederskin;
Vederspil;
Vederspring;
Vederspændig;
Vederspændighed;
Vederstand;
Vederstande;
Vederstræbe;
Vedervilje;
Vedervordig;
Vedervordighed;
Vederværdig;
Vederværdighed;
Vedsle;
Vedstande;
vedstaa;
veglig;
Vegne;
Vegre;
Vej;anchor
vejbred;bot
Vejbred;flower
vejde;
Vejde;
Vejdemets;
Vejdeværk;
veje;comet
Vejebod;
Vejepenge;
Vejer;
Vejerhus;
Vejleje;
Vejleje;
Vejmets;
Vejr;"comet;anchor;mercury"
Vejre;
-vejs;
Veksel;mercury
veksle;
Veksler;wheel
Velbefald;
Velbefald;
velbefalde;
Velbefalde;
veldædig;
Velfard;
Velfare;
Velfart;
Velfart;
Velfærd;
Velfært;
Velgefald;
Velkom;
Velkom;
Velkomme;
velkommen;
velladende;
Velladende;
Vellyst;
Vellyste;
vellystig;
velstand;øko
velvillig;
vemod;
Vemod;
Vemod;
vemodelig;
Vemodeligen;
vemodig;
vemodig;
Vemodig;
Vemodighed;
Vende;
Vendekaabe;
vendisk;
vene;
Venen;
venlig;
Venneke;
Vennike;
verdslig;
Vermod;
Vermut;"mercury;flower"
Verne;
Vervordig;
Verværdig;
Vessel;
Vesselhorn;
Vesten;
Vestersjø;
Vestersø;
Vestersø;
Vestfaler;
vestvært;
Vibe;bird
Vibelle;
Vid;
Vidde;
Vide;
vide;
vide;
vide;
Videlig;
Vidende;
Videnhed;
Videnhed;
videnskab;"vid;rel"
Videnskab;
Videnskab;
videntlig;
Viderlig;
Viderlig;
viderværdig;
viderværdig;
Vidie;flower
Vidne;swords
Vidskab;
Vidskab;
Vidtleftig;
Vidtluftig;
vidtløftig;
vidtløftig;
Vidtløftig;
Vidtløftighed;
Vidue;
Viebiskop;
Viebisp;
Viekost;
Vielse;
Vig;
Vigbelle;
Vigt;
vigtig;psy
vigtig;
Vikke;flower
Vildbane;
Vildbrad;
Vilde;
Vildnis;
vildt;"zoo;mad"
Vildt;
Vildtbane;
Vildtværk;
Vildtværk;
Vildværk;
vilkår;jur
Vilkaar;
Vilkåre;
vilkaare;
ville;plus
villig;"mercury;anchor"
Villiglig;
vimle;
Vimmel;
Vimmel;
vinde;"anchor;"
vinde;
Vinde;flower
Vinde;
Vindearmborst;
Vindearmbrøst;
Vindeldug;
Vindelsnor;
Vindelsten;
Vindetakkel;
Vindetakkel;
vindfang;"bol;tøj"
Vindfang;"anchor;wheel"
Vindhund;
Vinding;
Vindrue;
Vindvaage;
Vinfoalader;
Vinforlader;
vinke;
Vinke;
Vinkel;"swords;wheel"
Vinkel;
Vinlag;
Vinmand;
Vinrude;flower
Vinsten;flower
Vinterlag;
Vinterlag;
Vippe;
vippe;
Vippe;"wheel;anchor"
virak;
Virak;mercury
vire;
Vire;wheel
Virk;
Virk;
Virok;
Vis;
vis;
Vis;
-vis;spr
-vis;"anchor;music"
vise;"anchor;spades"
Vise;
viselig;
Viser;
Vished;
Visitats;
viske;swords
Visning;
visple;
visse;
Visse;
visselig;
Vissen;
Vissing;
vitterlig;
vitterlig;
Vitterlighed;
vittig;
vittig;
Vitve;
Vivel;
Vlies;
Vod;
Vogehals;
Voghals;
Vogndriver;
Vogndrivere;
Vognskud;
Vognskud;
vogte;
vogte;
Vogte;
vok;
Vok;
Voks;
Voksnæse;
Vol;
Vold;
volde;
volde;
voldelig;
Voldsager;
voldsom;
volme;
Voltre;
volverlej;bot
Volverlej;flower
Vom;
Vonske;
Vorte;
vove;
Vove;
vove;
Vovehals;
Vrag;"anchor;mercury"
Vrag;
Vrag-;
vrage;
vrage;
Vrage;
Vrager;
Vragere;
Vragfisk;fish
Vraggods;mercury
Vragsild;
Vragsten;
vrampet;
vrang;
Vrangel;
Vranges;
vranten;
Vrede;
vredelig;
vredes;
vrikke;anchor
Vrille;
vrimle;
Vrimpe;
Vringe;
Vringel;
vrinsk;
vrippe;
vrippen;
Vrist;
Vræge;
vrænge;
Vræt;
Vrøge;
Vråde;
vraade;
Vråge;
vule;anchor
vunde;med
Vunde;
Vundenkrud;
Vunder;
Vunderlig;
Vundkrud;
Vundre;
vurde;
vurdere;
Vurst;anchor
væbne;
Væbner;
Væbnere;
Væd;
Væd;
vædde;
Vædde;
Vædde-;
væddeløb;spo
Væddeløb;
Væddemestere;
Væddeskat;
Vædje;
Væge;wheel
vægerlig;
Vægge;
Vægge;
vægre;
Vægt;anchor
Vægter;
vægtig;
vægtig;
væk;psy
væk;anchor
Væld;
vælde;
Vælde;
Vælde;
vældelig;
Vældener;
Vælder;
vældig;
vældig;
Vældige;
vælig;
vælig;
vælling;mad
Vælling;
vælsk;
vænne;
Vær-;
Væraftig;
væragtig;
Væragtig;
Værde;
Værde;
værdes;
værdig;
værdige;
værdige;
Værdige;
Værdskab;
Værduge;
Være;
Værft;anchor
Værge;
Værgebo;
værgeløs;
Værhaftig;
Værje;
Værje;
Værjeagtig;
værk;tin
Værk;anchor
Værk;"anchor;music;swords"
Værk;
Værk;
Værker;
Værkere;
Værkfad;
Værkmester;
værksted;"hån;soc"
Værksted;anchor
Værktøj;wheel
Værn;
Værne;
værpe;
værre;
Værre;
Værskab;
vært;"gas;bol;fje;bio"
Vært;
Vært;
Værtinde;
Værtinde;
-værts;
Værtskab;
Væsel;
Væsen;
Væsen;
Væsende;
Væsenlig;
væsentlig;
Væske;
Vætte;
væve;
vævle;
Vævling;anchor
Vaabenhus;
Våbentøg;
Vaag;
Vaage;
Vaage;anchor
Vål;
Vålkemølle;
Vålkmølle;
Vaan-;
Våne;
Våner;
våning;bol
Vaaning;
våningshus;ark
Våntro;
Vårtegn;
vaase;
Weichsel;flower
yde;
Yder-;
yderlig;
yderst;mercury
ydre;swords
ylde;
Yngermand;
Yngling;
yppe;
yppere;
ypperst;
ypperst;
yppig;
ytre;kom
ytre;
Yver;
ædel;
Ædel;
Ædelhed;
Ædelhed;
ædelig;
Ædeling;
Ædelmand;
Ædelsten;
ædle;
Ædle;
Ædling;
Ædling;
Æg;
Æg;"swords;flower"
ægge;
Ægge;
Æggehvide;
Æggeost;
ægget;
Æggetøj;
Ægstaal;
Ægt;
ægte;"fam;tøj"
ægte;comet
Ægte;
ægte;"wheel;mercury;plus"
Ægte;
Ægte;
Ægte;
Ægtebrev;
ægtelig;
Ægtelig;
Ægtemand;
Ægtemand;
ægteskab;"fam;jur"
Ægteskab;
Ægteviv;
Ægteviv;
Ægtig;
Ægtug;
ælde;
ældre;
ældst;
Æmtyr;
ængste;
ængstelig;
æragtig;
Æragtig;
ærbar;sex
ærbar;
Ærbar;
Ærbarhed;
Ærbarhed;
ærbødig;mercury
ære;"scl;psy;mil"
Ære;mercury
ære;
Ære;
Æreklæder;
æreløs;
Ærfast;
ærgerrig;psy
ærgerrig;
ærgre;
ærlig;
ærlig;
Ærlighed;
Ærnfast;
Ærsam;
ærsom;
Ærsom;
Ært;flower
ærværdig;
æsel;zoo
Æsel;anchor
Æsel;
æske;
æske;
Æske;
ætse;
Æventur;
Æventure;
Æventyr;
Æventyre;
Æver;
æverlig;
Ø;
Øbe;
Øge;
Øgeblik;
Øgenblik;
Øgenskalk;
Øgeskalk;
Øgle;
øje;
Øje;"flower;plus;anchor;swords;wheel;spades"
Øje;
øjeblik;"nat;psy"
Øjeblik;
Øjeblik;
Øjeled;
Øjenblik;
Øjenskalk;
øjenskinlig;
øjensynlig;
Øjentjener;
Øjentrøst;flower
Øjeæble;
Øjeæble;
Øjneflod;
Øjæble;
Ønske;
ønske;
ørefigen;
Ørefigen;anchor
Ørefigen;
Ørfigen;
Ørs;
Øse;
øse;anchor
øsken;
Øsken;wheel
Øst;anchor
øst;
østen;anchor
Østen;"anchor;flower"
Øster;
Østersk;
Østersø;
øve;
øve;
Øve;
øvrig;
øvrig;
Øvrighed;
Øvrighed;
aabenbar;
aabenbare;
Aabenbarelse;
åbenbaring;
aabenbarlig;
ådre;
aandepusten;
Aar;
åre;
Aaremaal;
årsag;
Aarsag;
årsage;
årsage;
aarsage;
Aas;
Aavending;
