Abbedi	
Abinde	
afbede	comet
Afbræk	
Afbud	
affinde	
affældig	
affærdige	
Afgrund	
Afgud	
Afguderi	
afgudisk	
Afgunst	
afgaa	swords;anchor
afhandle	
afkorte	wheel;swords
Aflad	comet
aflade	
Afmagt	comet
afmægtig	
Afside	
afsindig	
Afsked	
afskede	
afsondre	
afspændig	
afstille	wheel
afstaa	
aftinge	
Aftræd	
Agerum	flower
agtbar	
Agt	swords;comet
agte	
agter	anchor
Agterstand	
Agtertanke	
-agtig	
Ajle	
ak	
Akeleje	flower
al	
Alant	flower
Alderdom	
Aldermand	
alene	
allerede	
alligevel	
Alrune	flower
alsted	
altid	comet
alting	
Alun	
Alvor	
alvældig	
Ambolt	
Amdam	
Ame	
ample	
Amt	
Andel	
Andeputte	
andrage	comet
Andrik	
Ane	comet
Anfald	
anfalde	
anfægte	
Angel	comet;wheel
angelegen	
angive	
Angreb	wheel
angribe	
Angst	
angælde	
angaa	
Anhang	
anholde	
Anhær	
anke	
Anker	anchor;wheel
anklage	
ankomme	
Ankomst	
anlange	
anligge	anchor
anlægge	anchor;mercury
anløbe	wheel
anmasse	
anmode	
annamme	
Anpart	
anrette	
anrøre	
anraabe	swords
anse	
ansige	
Ansigt	
Anskrig	
Anslag	swords;wheel;music
anslaa	
Anstand	
anstikke	
anstille	mercury
Anstød	
anstøde	
anstaa	
an	swords;mercury
ansætte	swords;anchor;wheel;music
ansøge	
Antal	
antaste	
antræde	swords
antvorde	
Anverper	wheel
anvise	mercury
arbejde	anchor;wheel;mercury
Arbejde	wheel;swords
arge	
Ark	
Arkeli	swords;anchor
Armbrøst	
Armod	
Art	
Arvesaat	
Avnbøg	flower
bagvaske	
Baj	mercury
Bakke	
Bakkelse	
baldre	
Baldrian	flower
Balg	comet
Balje	anchor
Ballast	anchor;wheel
ballaste	anchor
Balle	wheel;mercury
balstyrig	
Bane	wheel
bange	
Banner	swords
-bar	
Barat	
Barber	fish
Barde	
bardus	
bare	
Barfred	
Bark	
Barker	
barmhjertig	
Barnefod	
Barse	
Basun	music
bavse	
be-	
Bean	
bebinde	
bebreve	
bebude	
Bed	
bede	
Bede	
Bedrag	
bedrage	
bedragelig	
bedre	
Bedrift	
Bedring	
bedrive	
bedryppe	
bedrøve	
bedrøvelig	
Bedrøvelse	
bedrøvet	
bedaare	
Befal	
befalde	
befale	swords
Befaling	swords
befangen	
befatte	
befinde	
befrede	
befri	
befri	
befrygte	
befryse	
befænge	
befæste	swords
befæstige	
begabe	
bege	
begive	mercury;anchor
Beg	mercury
begrave	
Begreb	
begribe	
begribelig	
begræde	
begynde	
Begyndelse	
Begynder	
Begængelse	
begære	
Begæring	
begærlig	
Begær	mercury
begaa	comet
Behag	
behage	
behagelig	mercury
behandle	
Behjælp	
behjælpe	
behjælpelig	
Behold	
beholde	anchor
Behov	
behov	
behude	
behugge	wheel
behuse	
behytte	
behæfte	
behænde	
behændig	
Behør	
behøre	
behørig	
behørlig	
behøve	
behøvelig	
bejle	comet
Bejtel	wheel
bekende	spades
Bekendelse	
bekendt	anchor
beklaffe	
beklage	mercury
beklemme	
beklæde	
beknibe	anchor
bekomme	comet
bekoste	
Bekostning	
bekrybe	
bekræfte	mercury;anchor
bekvem	anchor
bekvemme	
bekvemmelig	
Bekymmer	comet
bekymre	
Bekymring	
bekøbe	
belade	
belange	
belaste	wheel;mercury
bele	
belejlig	
belejre	
beleve	
beleven	
beligge	
belove	
belyve	
belægge	swords;anchor
belære	
beløbe	
belønne	
bemande	anchor
bemantle	
bemure	
bemægtige	comet
bemøde	
bemøje	
benove	
benægte	
benøje	
benaade	
beplante	
bepligte	
Beram	
beramme	
berede	
beredt	
berende	swords;comet
berette	
beride	
berige	
beringe	swords;comet
Berme	swords
Bernsten	
Bertram	flower
berygte	
Berøm	comet
berømme	
berøre	
berøve	
beraabe	
beraad	
Beraad	
beraade	
besat	
bese	
besegle	
besejle	anchor
besidde	
besige	
besinde	
beskadige	mercury
beskaffe	
beskanse	
beskatte	
Besked	comet
beskeden	
beskedenlig	
beskide	
beskikke	
beskrive	
beskue	
beskyde	swords
Beskyt	
beskytte	mercury;anchor
beskænke	
beskære	
beskærme	
beslutte	
beslægtet	music
beslægtiget	
beslaa	anchor
besmitte	
besnilde	
besolde	
bespare	
bespejde	
bespise	wheel
bespy	
bespænde	swords
bespørge	
Bestand	
bestandig	
bestede	comet
bestemme	anchor
bestige	
bestille	
Bestilling	
bestolde	
bestride	
bestrikke	
bestryge	swords
bestyre	anchor
bestaa	
besvige	
besvime	
Besvær	comet
besvære	
besværge	
besynderlig	
besætte	anchor;swords;spades;music
besøge	
besøle	
besørge	
betage	
betakke	
betale	mercury
betegne	
betids	
betinge	mercury
betragte	
betro	
Betryk	
betrykke	
betræde	comet
betrænge	
betvinge	comet
betyde	
betække	
betænke	
betænkelig	
bevandre	
bevant	
bevare	
bevare	
bevende	comet
bevilge	
Bevilling	
bevise	
bevislig	
bevæge	
bevægelig	
bevaagen	
bi	anchor
bifalde	comet
Bigat	anchor
Bikkel	
Bikke	wheel
Billede	spades
billig	
Bil	wheel;anchor
Bindike	
Bindsel	anchor
Bindt	
Bindøkse	wheel
Birk	
Bislag	
Bislopperske	
Bismer	
bisse	
bister	
bistre	
bistaa	
Bit	
Bitte	
bitter	
blabre	
blank	spades
Blege	fish
Blide	
blikke	wheel;comet
Blik	wheel
blinke	
blive	
Blok	anchor;wheel;spades;comet
blokke	comet
blot	
blotte	swords
Blus	anchor
Blyant	
Bly	
Blyglætte	
Blænker	swords
boble	
Boble	
bodfærdig	
Bog	
Bogfinke	bird
Boghvede	flower
bokse	
Bol	
bold	
bole	
Bole	
Bolle	
Bolle	wheel
Bolskab	
Bolt	anchor
Bolt	
Bolværk	
Bom	anchor;swords
Bommesi	
Bomolie	
Bomuld	
bone	
Bopæl	
borde	anchor
Borg	
borge	
Borgeleje	comet
Borger	
Borgerskab	anchor
Borgerske	
Borgmester	
Bort	
Boveri	
Brad	
Bradbænk	anchor
brade	
Bradspid	
Brage	
brage	
brage	
brak	
Bras	
Brase	
brase	
Brasen	fish
Brask	
braske	
Bregne	flower
Bremse	
bremse	
Brik	
Briks	anchor
Brille	wheel;anchor;swords
bringe	spades;anchor
Brink	swords
Brist	
Brok	
Brombær	flower
Brosme	fish
Brug	
bruge	comet
Brum	
brumle	
brumme	music
brunere	
bruse	comet
bryde	
Bræk	
brække	anchor;swords
brækkelig	
bræmme	
Bræmme	
Brændevin	
Bræt	
Brøde	
Buddike	
Bugbid	
Bugspryd	comet;anchor
Bugt	anchor
bukke	wheel
Buksbom	flower
Bukse	
Bulder	
buldre	
Bule	
Bule	
Bule	
Bundt	music;swords
Bunke	
Buntmager	
burde	
bursk	
Bursprog	comet
Busseskib	comet
bydle	
byge	
Bylt	
Bynne	
Byse	
Bytte	
bytte	spades
Bægt	
Bækken	
bære	music;anchor;swords
Bærme	
Bæst	
Bæver	
Bævergejl	
Bøddel	spades
Bødker	
Bøffel	
Bøje	swords;anchor
Bøjert	anchor
Bølge	
Bønhas	
bønhase	
Bør	anchor
børlig	
Bøsse	swords
Bøssekrudt	
Bøtte	
Baade	
baade	
Baadsmand	anchor
Baake	anchor
Baare	swords
Celle	anchor;wheel
Daddel	flower
Dagting	comet
dagtinge	
dale	
Damask	
-dan	
Deger	mercury
dejlig	
dejse	anchor
delagtig	
Del	comet
Dele	
dele	comet;swords
desligeste	
Desmer	
desto	
Digegreve	
Digt	
Dirk	
Dise	
Dising	
djærv	
djævelsk	
Dobbe	
Dobbel	
dobbelt	comet;music;swords;anchor
doble	
dog	
dogge	anchor
dol	
Dole	
Dolslag	
Donkraft	wheel
Drabant	
drabelig	
drage	
Drager	
Dragt	
Dranker	
dreje	anchor
Dressel	
driftig	
drille	
driste	comet
dristelig	
dristig	
Drog	
Dromedar	
Dros	
Drossel	bird
Drost	
dru	
Drue	swords
Druebor	wheel
Drukkenbolt	
Dryp	
dryppe	anchor
Dræk	
Dræksjung	comet
drøve	
drøvelig	
Drøvelse	
Dudendop	
Dug	anchor
dugge	
Dugt	
Dukke	wheel
Dunder	
dundre	
Dunst	
Dup	swords;anchor;wheel
Durik	
Dus	spades
Dusin	
dval	
Dvaledrik	
dvas	
Dvælg	anchor
Dvælg	mercury
dygtig	
dyrebar	
dyrelig	
Dyring	
Dyst	
Dæle	
dæmpe	music;anchor
dærve	
Dødike	
Dødslag	
døje	
Dørns	
Dørslag	swords
daaragtig	
Daare	
daare	
Daarekiste	
daarlig	
Ebbe	
ebbe	
Eddike	
edsvoren	
effen	
efterdi	
efterhaanden	
Efterretning	
eftersom	
Ege	
egentlig	
Egt	
Ejendom	
Ejland	
Elende	
elendig	
Elfenben	
Elm	flower;comet
Embedsmand	
Ende	comet;anchor
endelig	music;swords
Endragt	
endrægtig	
ene	
Ene	flower
ene	
Enhjørning	comet;swords
enig	
enke	
enkel	
enlig	
ens	
Enspænder	
entre	anchor
-eri	
erobre	
Es	spades
Eskadre	anchor;swords
Esping	
Esse	comet;s
Etmaal	anchor
even	anchor
Eventyr	
eventyre	
Evert	anchor
evig	
Façon	
Fadder	
Fadderskab	
Fadderske	
fade	
Fading	
Fagte	comet
Falk	bird;swords
Falkeleje	
Falkoner	
Falkonet	
Fals	
Falsk	
falsk	music;wheel
falske	
falskelig	
Falskner	
famle	comet
Fanden	
Fane	swords;music
fange	anchor;wheel
Fange	
fangen	
Fanke	
Fant	
Farebog	
Fare	
farlig	
Farlighed	
Farsot	
Fart	anchor
farve	
Farve	mercury;spades
Farver	
Fastelavn	
fatte	swords
Feber	
Fedel	music
Fejde	
fejde	comet
feje	
Fejefyr	
fejl	anchor
Fejl	
fejre	
fejt	
Felt	
Fenne	
Fennikel	flower
Fernis	
fernisere	
fersk	wheel
ferske	wheel
Fetaljebroder	
Fetalje	
Fibel	
Figen	flower
Fikke	
Fil	
file	anchor
Filt	mercury
fimre	
Finke	bird
Finkeljokum	
Finker	
Finne	
Finne	
Fiol	music
fire	anchor
Firk	spades
Fjas	
Fjældfras	
Fjæs	
Flab	
Flage	
Flagermus	flower
Flagspætte	bird
flak	anchor
flamsk	
Fled	
Flid	
Flint	
Flintsten	
Flise	fish
Flitter	mercury
flittig	flower
Flod	
Flok	
Flomme	comet
florere	
Flos	
Flugt	swords
fluks	
flunke	
fly	
flygte	
flygtig	swords
Flæb	
Flæk	
Fløj	swords;wheel
Fløjl	
Fløjte	music
Flaad	comet
Fod	comet;swords
Foder	
Fodgænger	
fodre	anchor
Foermand	
Foerværk	
Foged	
Fogedi	
Fok	anchor
Fold	
-foldig	comet
for-	
Foragt	
foragte	
forandre	anchor
forarbejde	
forarge	
forbande	
forbarme	
forbavse	
forbede	
forbedre	
forbeholde	mercury
forberge	
forbi	
forbie	
forbinde	
forbistre	
forbitre	
forblinde	
forblive	mercury
forblomme	
forblænde	
forbløde	
forbløffe	
Forborg	
forborgen	
forborget	
forbryde	
forbrænde	wheel
Forbud	
forbulne	
Forbund	
Forbundt	
forbyde	
forbygge	anchor
forbytte	
fordelagtig	
Fordel	
fordele	
forderlig	
Fordrag	
fordrage	
fordre	spades
fordrikke	
fordriste	
fordrive	anchor
fordrukken	
Fordæk	anchor
fordækt	swords;spades
Fordærv	
fordærve	
fordærvelig	
fordøje	
fordømme	
fordøve	
forebilde	
forebringe	
Fore	
fore-	plus
forefalde	
forefinde	
foregaa	
forehave	
Forehavende	
forekomme	
forelægge	
forene	
forese	
forestille	
forestaa	
foresætte	swords
foretage	
Forfader	
Forfald	
forfalde	mercury
forfalske	
Forfang	
forfange	
forfare	anchor
forfaren	
forfatte	comet
forfløjen	
forfordele	
forfragte	anchor;mercury
forfriske	anchor;swords
forfule	
forfylde	
forfægte	
forfærde	comet
forfærdelig	
forfærdige	
forføje	
forfølge	swords
forføre	
forfaa	
Forgift	
forgifte	
forgiftig	
forgive	spades
forglemme	
forgrebs	
forgribe	
forgrille	
forgylde	flower
forgylden	
forgængelig	
forgætte	
forgæves	
forgøre	
forgaa	
forhade	
forhandle	mercury
forhaste	
forhindre	
forholde	
forhore	
forhugge	
forhverve	
Forhæng	
forhærde	
forhærge	
forhøje	music
Forhøjning	
Forhør	
forhøre	
forhaabe	
forhaane	
forhaanlig	
forjage	
forkaste	
forkere	
Forkering	
forklage	
forklare	
forklejne	
forklikke	
forklæde	
forknytte	
forkomme	
forkorte	anchor
forkrybe	
forkrænke	
forkulde	
forkynde	
Forkøb	mercury
forkøle	
forlade	
forlade	
Forlag	
forlange	
forlaste	anchor
forlede	
forlegen	
forlene	
forlette	
forlide	
forlige	
forligge	anchor
forligne	
Forlis	
forlise	anchor
forloren	wheel;anchor
Forlov	
forlove	
Forlover	
forlyde	
forlyste	
forlægge	
forlænge	
Forløb	
forløbe	
forløse	
formale	
formaledide	
formane	
formaste	
formastelig	
Form	wheel;swords
forme	
formedelst	comet
formelde	
formene	
formere	
formindre	
formode	
Formue	
Formuenhed	
Formynder	
formyrde	
formænge	
formærke	
formønte	
formaa	
fornedre	
fornedrige	
fornem	
fornemmelig	
fornemme	
Fornuft	
fornuftig	
fornumstig	
forny	
fornægte	spades
fornøden	
fornøje	
Forord	
fororde	
forpagte	
forpleje	
Forpligt	
forpligte	mercury;comet
forpligtig	
Forprang	
forpustet	
forraske	
forregne	
forrente	mercury
forrest	
forrette	
forrige	
forringe	
forrykke	
forrædelig	
Forræder	
Forraad	
Forraad	
forraade	
forraadig	
forsage	spades;swords
forsamle	
forse	anchor
forsegle	anchor
forsende	
forse	spades
forsidde	
forsige	
forsigtig	
forsikre	anchor
forskabe	
forskaffe	
forskammet	
forskanse	swords
forskave	
Forskel	mercury
forskelle	
forskikke	
Forskrift	
forskrive	
forskrive	
forskrække	
forskrækkelig	
Forskud	
forskyde	
forskyde	swords
forskylde	
forskære	
forskaane	
forslagen	
forslide	
forsluge	
forslaa	anchor
Forsmag	
forsmelte	wheel
forsmædelig	
Forsmædelse	
forsmægte	
forsmaa	
forsnilde	
forsone	
Forspil	anchor;spades
forspilde	
forspille	
forsplitte	
forspore	
forsprede	
Forsprekker	
Forspøg	
Forstand	comet
forstandelig	
Forstander	
forstandig	
forstikke	spades
forstive	
forstokke	
forstokket	
Forstrand	
forstrække	
forstrø	s
forstykke	
forstyrre	
forstændelig	
Forstændighed	
forstaa	
forstaa	comet;mercury
Forstaaelse	
forsure	
forsvage	comet
forsvare	swords
forsvinde	
forsvække	
forsværge	
Forsæt	
forsætlig	
forsætte	swords;anchor
forsøge	
forsømme	
fort	
Fortgang	
fortgaa	
fortinge	
fortinne	
fortjene	
Fortjeneste	
Fortog	
fortolke	
fortone	anchor
Fortoning	anchor
fortove	
Fortrin	
fortro	
fortryde	
fortrykke	
fortrædelig	
fortræden	
Fortræd	
fortræffelig	
fortrænge	
fortsætte	
fortuske	
fortusket	
fortvivle	
fortykke	
fortælle	
fortænke	
fortænkelig	
fortære	
fortøje	anchor
fortørne	
fortørre	
fortøve	
forunde	
forundre	
forurene	
forurette	
forvagte	
forvandle	
forvant	
Forvantskab	
Forvar	
forvare	
forveksle	
forvende	
forvide	
forvilde	
forvinde	
forvirke	
forvirre	
forvise	
forvisse	
forvorpen	
forvoven	s
Forældre	
forære	
Foræring	
Foraar	
foraarsage	
Fragt	anchor;mercury
Fransos	
fransøsk	
Fransøsk	
frejdig	
fremmed	spades
fri	
Fribytter	
fri	
fri	music;anchor;mercury
Frier	
Frihed	
frilig	
Frille	
frimodig	
frisk	anchor
Fritte	
fro	
Frokost	
from	
fromme	
Fromme	
frommelig	
Fruentimmer	
frugtbar	
Frugt	
frugtsommelig	
Frygt	comet
frygte	
frygtelig	
Frynse	
Frynt	
fryntlig	
Fryntskab	
Frøken	
Fraads	
fraadse	
fraadsig	
Fugt	
fugte	
fugtig	
Fuldbord	
fuldbringe	
fuldbyrde	
fulddrive	
fuldende	
fuldkomme	
fuldkommelig	
fuldkommen	
Fuldmagt	
fuldmægtig	
fuldmægtige	
fuldstændig	
Fund	
fundere	
fundig	
Funke	
funke	
fure	anchor
fus	
Fust	
Fusthammer	
fy	
Fyldest	comet
fyndig	
Fyr-	
Fyrbold	
Fyrbolle	
Fyrbøder	
Fyr	anchor;swords;wheel
fyre	anchor
fyrig	
Fyrste	
fyrstelig	
Fyrstinde	
Fyrtøj	
fægte	swords
-fældig	
fældig	
Fælg	
Fængsel	
Fænnik	
færdig	swords
fæstne	
Fætter	
føje	
Føje	comet
føje	comet;anchor
føle	
følgagtig	
Føring	wheel;anchor
gabe	
Gaber	
Gadder	
Gaffel	swords;anchor
Galej	anchor;swords
Galgant	
Galle	wheel
Galm	
galme	
ganne	
Ganning	
ganske	
Garn	
gav	
Gave	
ge-	
Gebyr	mercury
Gefal	
Gehør	
gejstlig	
gelejde	
Gelejde	
gelik	
Gemak	
gemen	swords
gemenlig	
gendrive	
genegen	
gennemtrappet	
gerrig	
Gerrighed	
Geryst	
Geraad	
geraade	
Gesel	
gesvindig	
gesvindt	s
gevaltig	
Gige	music
Gisel	
gisle	
gisse	anchor
give	anchor;music
Gjordel	
Glas	anchor
glat	anchor;swords
Glavind	
Glib	
glide	
glinse	wheel
glise	
glube	
glubsk	
Glætte	
gnide	
gnægge	
god	music;plus;spades;anchor;mercury;flower
gold	
grabbe	
granske	
grassat	
grel	
Greve	
Grever	
Grib	bird
gridsk	
grimmende	
Grimmenis	
Grindel	
Groffenbrad	
Grotfyrste	
grov	mercury;
grove	
grovelig	
Grovgrøn	
Grube	swords;wheel
Grue	comet
grue	
gruelig	
grunde	
grunde	
grundelig	
Grus	
grusom	
Grut	
grutte	
Græker	
Grænse	
græse	
Græsenke	
Græskar	flower
græsk	flower
græsselig	
Grævling	
Grøde	
Grøft	
Grønsvær	
gudfrygtig	
gudsforgætten	
Gunst	
gunstig	anchor
gurgle	
gusten	
Gylden	mercury
Gynter	
Gæk	flower
gække	
gækkelig	comet
Gækkeri	
Gæk	wheel
gælde	
-gænger	
gængs	
gær	
Gæstehus	
gæv	
Gøgl	
gøgle	
Gøgler	bird
gøre	anchor;spades;comet;mercury;swords
gørtle	
gaa	anchor;comet;swords;spades;mercury
Gaaseørn	bird
hadig	
hadsk	
-haftig	
Hage	
Hagebøsse	
Hage	wheel;swords;anchor
Hakkebræt	anchor
hakke	anchor
Hakkelse	
halsstarrig	
halvere	wheel
Hamme	
Hamp	flower
Handel	mercury
handelig	
handig	anchor
handle	mercury
Handling	
Handske	
Hank	
Hanrej	spades
Hansa	
Hans	
Harnisk	comet
harnisket	
Harpiks	
Harrild	flower
harsk	
Hartkorn	
Harts	
Has	
Hase	
Hast	
haste	
hastelig	
hastig	
hastmodig	
Hattestafferer	
Hav	
Have	
Havelværk	
Havn	anchor
-hed	
hedensk	
Hedevig	
heftelig	
heftig	
Hegle	
hegle	
Hekkenfeldt	
Helled	
Hellegat	anchor
Hellighed	
Helsfyr	
Helt	
hemme	
hemmelig	anchor
Hemmelighed	
henbringe	
hen	anchor;mercury
Henfart	
henlægge	
henstille	
Herberg	
herberge	
Herd	wheel
Herkomst	
herlig	
Herlighed	
Hermelin	
Herre	spades;mercury
hersk	
Herskab	
herske	
Hertug	
hidse	
Hidsehund	
hie	
hige	
Hilde	wheel
hille	
himle	
Himmelstreg	
Hind	
Hinder	
Hinderhold	
hindre	
Hingst	bird
hinke	
hinter	
Hippokras	
Hirse	flower
Hjald	
Hjalte	
hjemsøge	
Hjerteslag	
Hjælper	
Hob	
hobe	
Hoffart	
Hoffærd	
hoffærdig	
Hoffærdighed	
Hofte	
hokke	
Hold	
holde	comet;anchor;wheel;swords
Holk	anchor
Holster	
Homej	swords
Horde	swords
Hore	spades
Horesøn	
Hospital	
Hov	
hovedkulds	
Hovedstol	mercury
hovere	
Hovmand	
Hovmester	anchor
Hovmod	flower
hovmode	comet
hovmodig	
huge	
Huj	
Huk	anchor
Huld	
Hulsten	
Hulurt	flower
Humpel	anchor
Hundestejle	fish
Hungertitte	
hungrig	
hurtig	
husarm	
Husblas	
husere	
Husfrue	
Husgesinde	
Husk	
hutle	
Hvalrav	
Hverdag	
Hvergarn	
Hverv	
hverve	
Hvid	
hvid	anchor;mercury
Hvidesøndag	
hvidte	
Hvilling	fish
hvis	
hvordan	
hykle	
hylde	
hyle	
Hylle	
Hyllike	
Hylster	swords;anchor
Hyre	anchor
hyre	anchor
Hyrling	
Hysken	
Hyssing	anchor
Hyttefad	
hæfte	wheel;mercury
Hæfte	wheel
Hæg	
hæge	
Hægte	
Hægte	
hægte	
hælde	
Hælding	
hæle	
Hælvt	
Hængsel	
hærdig	
hærpe	
hæs	
hæve	
høflig	mercury
Højde	anchor;swords
højlig	
Højtid	
Høker	
Hønnike	
Høns	comet;spades
hønse	anchor
høre	
hørig	
hørsom	
Hørsvinger	
Høvding	
høve	
Høved	
Høvedsmand	
høvisk	
Høvl	
høvle	spades
Haab	
haabe	
Haan	
haandfast	
Haandfæstning	
haandhæve	
Haandklove	
Haandlanger	swords
Haand	music;wheel;flower;anchor;mercury
haandtere	anchor
Haanhed	
haard	anchor;music
haardnakket	
idel	
Igle	flower
Igt	
ih	
Il	
Ilder	
ile	
ilig	
imidlertid	
indbilde	
Indbildning	
indbildsk	
indblæse	
indbringe	swords
Inddrift	
inddrive	
-inde	
indeholde	swords
inderlig	
Inderste	
indforlive	
indgetogen	
Indhold	
Indholt	anchor
Indkomst	
indlade	wheel
Indlager	
indlive	
indlægge	wheel;anchor;comet
indløse	mercury;comet
indmane	
Indpas	
indprente	
indrumme	
indsige	
Indsigelse	
indslaa	swords
indstændig	
Indtog	
Indtrang	
indtræde	
indtrække	wheel
indvendig	
indvirke	
indvise	
indvortes	
indvælde	
Indvaaner	
Ingefær	flower
Irisk	bird
irre	
Isben	
ise	anchor
Isen-	
Isenkram	
Isop	flower
Ister	
Iver	
ivre	comet
ivrig	
Jabroder	
jage	anchor
Jagt	
jagte	
Jaherre	
Jakke	comet
Jammer	comet
Jammerdal	
jammerlig	
jamre	
Jan	anchor;bird;spades
Jennik	
jo	
jodut	
Jolle	anchor
Jomfru	spades;wheel;anchor
jorde	
Jordrøg	flower
Junge	
Junker	
Juvelér	
Jæger	swords
Jægt	
Jærnurt	
Jøde	
Jøkel	
Kabe	anchor
Kabel	anchor;wheel
Kabeltegn	anchor
Kabys	anchor
Kag	
kagle	
Kahyt	anchor
kakke	
Kakkel	
kalde	spades
Kalent	
Kalk	
Kallun	
Kalvedans	
Kammerdug	
Kamp	
Kane	
Kanel	
Kanin	
Kans	
Kant	anchor
Kanut	
kape	
Kapel	
Kapel	
Kapperøllike	
Kappe	swords;anchor
Kaprun	
Kapun	
kapunere	
Karavel	anchor
Karde	wheel
karde	wheel
Kardus	swords
Karnap	
Karpe	fish
Karre	swords
karrig	
Karse	flower
karsk	
Kartove	
Karusse	fish
karve	
Karve	flower
Kastel	swords
Kat	spades;swords;wheel;anchor
Kavent	
Kavl	
Kedelhat	
Kegle	
Kejle	
kejse	
Kejser	fish
Kel	
Kende	
Kermesse	
Kerne	
Kerte	
Ketsjer	
kige	
kige	
Kighoste	
Kikkert	
Kile	
Kim	
Kimme	
Kimmer	
Kin	
Kindbakke	anchor
Kinke	
Kipe	
Kippe	
Kippe	anchor
Kippe	
kippe	anchor
Kipper	
Kirsebær	flower
Kiste	mercury;anchor
Kits	
Kiv	
kivagtig	
kive	comet
Klage	
klage	
klakke	
klam	
Klamme	wheel;music
Klang	
Klapholt	
klappe	anchor;spades
Klappebænk	
klar	anchor
Klaret	
klarlig	
Klaus	bird
Klave	
klavre	
klejn	comet
Klejne	
Klejnsmed	
klemme	
Klenodie	
Kleppert	
Kleresi	
Klerk	
Klid	
Klik	
klinge	swords
Klinke	wheel;swords
Klint	comet
Klippe	flower
Klipping	
Klister	
klistre	
Klo	wheel;anchor;flower
Klod	anchor
Klods	
klog	
klogelig	
Kloghed	
Klokke	flower
Klokker	
Klokkespise	
Klokkestund	
kloppe	wheel
Kloster	
Klov	
Klovert	
kludre	
klukke	
Klump	
Klus	
Klyne	
Klys	anchor
Klyver	anchor
Klæbber	
klæbe	
Klæde	anchor
klæde	anchor
klække	
Kløft	wheel
kløgtig	
Kløver	flower
Knabe	
Kneb	
Knebel	
Knebel	anchor
knede	
Knevel	
knibe	anchor;spades
Knibe	
Knibtang	wheel
kniple	
Knipling	
Knippel	anchor;swords
knirske	
knistre	
Kniv	spades;wheel
Knob	anchor
Knoge	
Knogle	
Knop	
Knot	
knytte	
Knægt	spades;anchor
knæle	swords
Knæler	
Knæling	
Kobbel	music
Kobberrøg	
Kobber	anchor
koble	anchor
koble	wheel;anchor
Kodde	
Kode	
Koffardi	anchor
Kofilnagle	anchor
koge	
Kogger	anchor;swords
Kogge	
Kogler	
Kog	
Kok	
Kol	
Kolbe	swords;anchor;wheel
Kolde	
Koldskaal	
Kolhætte	
Kolv	swords
Komme	
Kommen	flower
Kompan	
Komst	
Konfiture	mercury
kontrafeje	
Kop	spades;swords;anchor;wheel;
koppe	
Korde	
Kordel	anchor
Korde	music
Korduan	
Korn	swords
Kors	comet
kort	music;mercury;anchor
korte	anchor
kortelig	
Kortvil	
Kost	
kostbar	
Kost	
koste	
kostelig	
Kove	
Kovs	
Kovsken	
Krabbe	anchor
krable	
kradse	mercury
kraftig	
Kraftkirke	
krage	
Kragejolle	anchor
Krakel	
Krakmandel	
Kram	
Krammeri	
Krampe	fish
Krampe	wheel
Kran	wheel;anchor
krank	
krankelig	
Krans	anchor;wheel
Krave	anchor
Kravel	anchor
Kreds	
Krejert	
Kridt	
kridte	
Krig	swords
krige	
Kring	
kristen	
Kro	
Kroer	
Kroerske	
Krofader	
Krone	flower;anchor;swords;wheel;mercury
krone	swords
kronne	
Krop	wheel
Krop	
Krud	
Krudt	
Krukke	
krum	
krumhalset	
Krumme	
Krumme	
krumme	
Krus	
krus	
Krusbær	
Kruse	
kruse	
Krusemynte	flower
krutte	
Krybbe	
krybe	spades
Krydde	
Krydderbrød	
kryde	
krydse	anchor;wheel;mercury
Kryds	music;plus;swords;anchor
Krydsurt	
Krykke	wheel;swords;anchor
krympe	wheel
Kræft	
Kræft	
Kræge	flower
Kræmmer	
Kræmmerhus	anchor
Kræmmeri	
krænke	
Krøbel	
Krøgle	
krøgle	
krøje	
Krølle	anchor;spades
Krønike	
Krøs	
krøse	
Kraas	
Kube	
Kulde	
Kule	anchor
Kulegraver	
Kuller	
kulret	
Kumme	
Kummer	
kummerlig	
kund	
Kundskab	
kundskabe	
Kundskaber	
kunstelig	
Kunster	
kunstig	
Kunstner	
Kunst	
Kur	
Kure	
kure	
Kure	
Kuretaarn	
Kurv	swords;wheel
Kuvert	
Kvabbe	fish;anchor
kvakke	
Kvalm	
Kvalster	
Kvansvis	
Kvant	
Kvarter	anchor;swords
kvase	
Kvast	
kvemmelig	
kvik	
Kvik	flower
Kvikstjært	bird
Kviksølv	
kvinkelere	
Kvint	
Kvintin	
Kvint	music;spades
kvit	comet
kvitte	
Kvittebrev	
kvittere	mercury
kvoppe	
Kvæde	flower
kvæge	
Kvæg	
kvær	comet
Kværk	anchor
kvæste	
kymig	
kyndig	
Kyrbis	
kyse	
kysk	
Kyssel	
Kyssen	
kytte	
Kæbe	wheel;anchor
Kæde	anchor;swords
Kælderhals	flower
Kæmner	
Kæmpe	
kæmpe	
Kæmper	
kærve	
Kætter	
kævle	
København	flower
Købing	
Købmandskab	spades
Købslag	
købslaa	
Købstad	
Køgemester	
Køje	anchor
Køkerske	
Køkken	
Køl	anchor
køl	
kølnsk	
Køn	
køre	
Kørvel	flower
Køter	
Kaa	bird
Kaad	
Kaadner	
Kaar	
Kaarde	
kaare	
Kaas	anchor
labe	
Lade	
Lage	
Lagen	
Lager	wheel
Lak	
lak	
Lakrids	flower
Laktuk	flower
Lampe	
Land	quad;anchor
Landfaring	
Landskab	
Landsaat	
lange	
Lange	fish
Langhilde	
langs	anchor
langsom	anchor
langsommelig	
langvarig	
lappe	
Lapperi	
Laps	
Las	
Last	
laste	anchor
laste	
Last	mercury;anchor;
Latte	anchor
Lave	
lavere	anchor;mercury;spades
lav	anchor
Le	
Led	comet;anchor
Ledehund	
ledig	
ledig	anchor
Leding	
ledsage	mercury
Ledsager	
Legeme	
Lejd	
Lejde	
Lejdebrev	anchor
lejde	
Lejder	anchor
Leje	
Lejle	
lejlig	
Lejlighed	anchor
Lejr	
lejre	
Lektie	
Lemmike	flower
Lempe	
lempe	anchor
lempelig	
Lening	
Len	
lente	
letfærdig	
lev	
levere	mercury;swords
Li	
lide	
lidelig	
Lidkøb	
liflig	
Lig	anchor
Lige	
lige	swords
Ligedeler	
ligervis	
ligevel	
ligne	
Lignelse	
Ligtorn	
likke	
Likker	
Limstang	
Linde	
linned	
Lire	fish
lispe	
Lispund	
liste	
livagtig	
Livgeding	
livsalig	
Lo	
Lod	comet;swords;anchor
lodde	anchor
lodde	comet
Lodsmand	fish
Loft	
Lorje	anchor
Lort	
Los	
losse	anchor
Lov	
Love	
love	
love	
Loven	
Lubbe	fish
Luder	swords
Luft	wheel;swords;anchor
Luge	anchor
Lugt	
lulle	
Lune	
Lunge	
Lunstikke	
lunte	
Lunte	swords
luske	
Lut	music
lutre	anchor
lutter	
Luv	anchor
lybsk	mercury
Lyd-	
lyd	
Lyd	
lyde	anchor
lydelig	
lydt	
lygte	
Lygte	
Lykke	flower
lykkelig	
lykkes	
lyksalig	
lyksom	
Lyske	
lystelig	
lystig	
lystre	anchor
Lædike	
læg	
Læg	
lægge	wheel;anchor;spades;swords
Lægmand	
lække	anchor;mercury;comet
lækker	
Længde	anchor
Længe	anchor
Lære	
lære	
Lærke	bird
læske	
Læst	
Løb	
Løb	anchor;music;swords;wheel
løbsk	
lødig	swords
Løffel	
Løfte	
Løgner	
løj	anchor
Løjert	
Løn	flower
Løsen	swords
Løve	spades
Laadring	
Laas	swords;wheel;anchor
Maddike	
Mag	
mage	
magelig	
mager	
-mager	
Magt	
male	
maledide	
male	
Malle	
Malle	fish
malte	
man	
mandbar	
Mandskab	swords;anchor
mane	
Mang	
mangelhaftig	
Manggods	
Mangkorn	
mangle	
Manse	
Marekat	
Mareminde	
Mark	currency
Marked	mercury
Markgreve	
Marsk	
Marskalk	swords
Marstald	
Marter	
martre	
Mase	
Mask	
Maskepi	
Mast	anchor
Mat	anchor
Matjessild	
Medbroder	
Medgift	
Medlidenhed	
meje	
Mejer	
Mejse	bird
melde	swords;spades
Melding	spades
Men	
men	
mene	
menig	comet;swords
Mening	mercury
Menneske	
mere	
Messe	
Messing	music
Mestepart	
Mester	anchor
Mestermand	
Mesterskab	
Middel-	
middel	
Middel	swords
middelmaadig	
Mide	
midle	
Midler	
Midnat	
midtvejs	
mige	
mildelig	
Mile	
Minde	
mindelig	
Mink	
Misdæder	
misdædisk	
Mishag	
mishage	
mishagelig	
mishandle	
misprise	
Missemav	
Mod	
Mode	
Modefarve	
Moderløs	fish;flower
modvillig	
moksen	
Mor	
Morads	
Morbær	flower
Morderi	
Morgen	
Morgendag	
Morgengave	
Morian	
Morrod	flower
Morsel	
Morter	
Mortér	swords
Mos	
Moskølle	anchor
Most	
Mudder	
Mug	
Muk	
Muldvarp	
mulig	
mumle	
Mumme	
Mundlæder	
Mundskænk	
mundtlig	
Munk	bird;swords;flower
munke	
munkle	
Murermester	
murrisk	
Mussel	
myndig	
Mynster	
Mynte	flower
Myre	
Mysike	flower
Mytse	anchor
Mytteri	swords;anchor
Mæfik	bird
mægle	
Mægler	anchor;wheel
mægte	
mægtelig	
mægtig	
mægtige	
Mælde	flower
Mælkemund	
-mælket	
mænge	wheel
Mærke	anchor;mercury
mærke	
Mærke	flower
Mærling	anchor
Mærs	anchor
Mæsk	
mæske	
Mæslinger	
Møde	
mødig	
Mødrene	
Møgert	
Møje	
møje	
møjelig	
Mølle	spades
Møller	bird
Mønje	
Mønsterplads	swords
mønstre	swords;anchor
Mønstring	swords;anchor
Mønt	
Mønter	
Mørser	swords
maade	
Maade	
maadelig	
Maaltid	
maanesyg	
Maanesaa	
maaske	
Maatte	
Naboerske	
nabolig	
nagelfast	
Nagletog	
Nakke	wheel;music;anchor
Nam	
naragtig	
Nar	
narre	
Narv	
Natskade	flower
Nattergal	bird
naturlig	
Nav	
Navleorm	
Navne	comet
navnkundig	
navnlig	comet
nedrig	
nedslæbe	
Negenøje	fish;comet
Nellike	mercury;flower
nemlig	
Nest	
nette	
Nid	
Nid	
nide	
nidkær	
ni	
nikke	anchor
nitte	wheel
Nobel	
nobiskro	
nok	
nok	
noksom	
Non	
Noppe	
Norden	
norsk	anchor
nu	
nydelig	
Nyk	
nykke	
Nykke	
nylig	
Nymære	
Nyre	
nys	
nytte	
Nytte	
nyttelig	
nyttig	
Nytaar	
Næb	anchor
nære	wheel
nærig	
Næring	
Næs	
Næse	anchor;wheel;swords;fish
Næsedug	
næsvis	
Nævn	
nøde	
Nødhjælper	
nødig	
nødsage	
Nødstald	
nødtrængende	
Nødtørft	
nødtørftig	
Nødværge	
Nød	wheel;swords;anchor
nøgtern	
nøjagtig	
Nøje	
nøje	
nøje	
nøjsom	
Naade	
Naadler	
naar	
Od	
Offer	
Offerpenge	
ofre	
Ol	
old	
Oldefader	
Oldemoder	
Oldentorre	
Oldermand	
Oldfrue	
Oldgesel	
Olding	flower
Oliebrødkage	
Olie	
ombære	
Om	
omfange	
omflottig	
omkomme	
omme	
omsigtig	
omskue	
omsonst	
Omstændighed	
omtrent	
Onsdag	
opbyde	
opdugge	
opgribe	
ophæve	swords
Ophæver	
ophøre	
opklappe	
opklare	anchor
opkomme	
Opkomst	
Opløb	anchor
opmudse	
oppebære	
Opper	anchor
oprigtig	
oprippe	
opru	wheel
oprydde	
oprømme	mercury;wheel
Oprømmer	wheel
Oprør	
oprørsk	
opsat	
Opsat	
opsidde	
Opsidder	
opsige	mercury
Opsigt	
opskibe	
opskrive	mercury
opskørte	
opslaa	spades;anchor
Opstander	anchor
opstudsig	
opsætsig	
opsætte	anchor
Optog	swords
opvarte	
opæske	
ordele	
Orden	comet;anchor;swords
ordne	
Ordning	
ordre	
Ore	
Organist	bird
Orgel	swords
Orgelist	
Orlog	anchor;swords
Orlogger	
orlove	
Orlov	swords
Ort	
Os	
Ost	anchor
overalt	anchor
overantvorde	
overbevise	
overblive	
overbødig	
over	anchor
overdrage	
Overdaad	
overdaadig	
Overdaadighed	
overens	
Overflod	
overflødelig	
overflødig	
overgiven	
overhale	anchor
Overherre	
overhændig	
Overhæng	anchor
overhøre	
overhørig	
Overhaand	
overile	
overlang	anchor
Overlast	anchor
overlegen	
overlevere	swords
overligge	mercury
overliggende	anchor
overlydt	comet
overlægge	wheel
Overløb	anchor
Overmand	comet;swords
Overmod	
overmaade	
overmaadig	
overraabe	
oversidde	
overskrive	
Overskærer	wheel;mercury
Overslag	anchor
overslaa	
overstride	
oversætte	
overtaste	
overtræde	
overtrække	
overtyde	
overveje	
overvinde	
overvælde	
Overvælde	
overvældig	
Ovnsmund	
Ovn	wheel
Ovre	
Ovs	
Padde	anchor
Paddehat	flower
Pagt	
pakke	mercury;wheel;spades;anchor
Pakkenelliker	
Pakke	wheel
Pal	
Palads	
Pamper	spades
Pande	
Pander	
Panel	
Panser	swords;wheel
Pant	comet
pante	
Pantoffel	
Pap	
Papegøje	bird;flower;anchor
Papir	mercury
pappe	
Par	
Parder	
Parlament	
Part	anchor
parte	
Parti	mercury;anchor
Partisan	
Pas	
Passager	
Passeport	
Passion	music
Patron	wheel
Paulun	
Pave	
Pavst	spades
Peber	flower
pejle	anchor
Pejs	
Pels	mercury
Pelser	
Pension	
Pergament	
Perikel	
Perk	
Perle	
Perse	
perse	
Persike	
Persille	flower
Persken	
Pert	
Pert	anchor
Pfalzgreve	
pibe	anchor;spades
Pibekande	
Pibe	mercury;anchor;wheel;swords;spades
Piber	bird;fish;anchor
Pige	
Pik	anchor
Pik	
Pikkelhering	
Pikkelhue	swords
Pikkeronne	anchor
Pilar	
Pil	
Pilgrim	
Pille	
Pille	wheel
Pind	anchor;spades
pine	anchor
Pinebænk	
Pine	
pinlig	
Pinse	
Pip	
Piping	
pippe	
Pirris	
Pis	
pisse	
Pit	
Plade	anchor
Plads	mercury;anchor
Plage	
plage	
plakke	swords
Plan	wheel
Planche	
Planet	
Planke	
planke	
Plante	
plante	swords
Plasning	
Plaster	swords
plat	anchor
Platte	
Platten-	
Plattenslager	
pleje	wheel
Plet	
Pligt	anchor
Pligt	
pligte	
pligtig	
pludre	
pludselig	
Plukgæld	
plump	
plustre	
Plyndergreve	anchor
plyndre	
Pløk	
Podagra	
Pode	
pode	
Poderis	
Pokker	
Polej	flower
Pommerinke	
Poppel	flower
Poppelsi	
Porreløg	
Pors	flower
Port	anchor
Portner	
Positiv	
Possement	
Post	
Postej	
Post	flower
Potte	flower;wheel
Potter	
potz	
Pragt	
prakke	
Prakker	
Prakkerfoged	
Praktik	
praktisere	
Pral	
prale	
Pram	anchor
Prang	
prange	anchor
prange	
Pren	
Prent	
prente	
Prenteri	
Present	s
Prik	anchor
prikke	anchor
prikle	
prime	
Primegelt	anchor
Prim	music
Pris	
Pris	
Prise	
prise	anchor
priselig	
Prison	
Privet	
Proces	
profos	
Prop	anchor;wheel
proper	
Provst	
Provsti	
pruste	
prutte	
pryne	
Pryssing	
Prædiken	
prædike	
Prælat	bird
Prøjser	
prøve	wheel
Prøve	wheel;mercury
Pudder	
Puds	
Pugge	
Puk	
pukke	
Puld	
Pulpet	
pulre	
Puls	
Pult	music
Pulteri	
Pulver	
pulverisere	
Pumpe	anchor
Pumpetugge	
Pundert	
Punkt	music;swords
Puppe	
pur	
purgere	
purre	anchor
Pus	
puste	
Put	
Pynt	
Pægl	
Pæl	anchor
pæle	
Pæon	flower
Pøjt	
Pøl	
pønse	
paa	comet;anchor;mercury;swords
paaskyde	
Rabalder	
Raft	
Rage	
Rak	
Rakker	spades
Rakkerkule	
Ram	
Ramme	
ramme	
Ramme	swords
Rampe	
Rams	flower
Ranke	
Ransel	anchor
Ranson	anchor
Ransoning	
rappe	
rase	
rasende	
Rask	
rask	anchor
Raskop	
rasle	
Rasp	wheel
Rast	wheel
raste	
Rav	mercury
rebe	
Reberbane	
Rebslager	
Rebsmand	
Red	anchor
redde	
reddesløs	
rede	anchor
rede	
redelig	
Reder	
redig	
Redskab	anchor
Regerer	
Regimente	
regne	mercury;
regnere	
Regnskab	
Rej	
Rejnfan	flower
rejse	anchor;mercury
rejse	mercury
Rejse	anchor
rejsig	
Rejsner	
Rekling	
Rem	
Rem	swords;wheel
remme	
Remmesnider	
remmet	
Rende	anchor
Rendebane	
Rendesten	anchor
rente	
Rente	
Rentemester	
Rentener	
ret	anchor;swords
Ret	
Ret	
retfærdelig	
retfærdig	
retfærdige	
Retfærdighed	
retmæssig	
Retning	swords
retsindig	
Retter	
Retterbænk	
Retterdag	
Rettergang	
Rettersværd	
Rettesnor	
Rettighed	
Rev	
Revir	anchor
Revle	
ri	anchor
Ribbe	
ribbe	
Ribbe	wheel;anchor
Ridder	spades;fish;flower
ridderlig	
Ridderskab	
Riddersmand	
Rigel	
rigsk	
rigteligen	
rigtig	
Rille	
Rim	
rime	
Rind	
ringe	
rinsk	
Ris	
Rise	
Ris	flower
Ris	mercury
Risp	
Rist	
Rist	wheel
riste	
riste	
Ritmester	
Ritte	
Rive	
rive	swords;anchor;wheel
Rive-	wheel
ro	
Ro	swords
Rode	
Rode	swords
rode	
Rodemester	
ro	anchor
Roe	
Roe	flower
Rog	
Rok	
rokere	
Rokke	fish
Rokkel	
Romer	
romtalende	
Ror	anchor
Rosbaare	
Ros	
Rose	flower;swords;anchor
Rosen-	
rosenfarvet	
Rosenobel	
Rosin	
rosom	
Rotte	
Rottekrudt	
Rov	
Rubank	
Rubin	
ru	
ru	
Rude	flower
Rude	spades
Ruelse	
Ruf	anchor
ruffe	
Ruffer	
Rufferi	
Rufferske	
rulle	anchor;wheel;mercury;swords
Rulle	swords;anchor;music
rum	anchor
Rummeldus	
Rumor	
Rumpe	swords;anchor
rumple	
rumstere	
Runddel	swords
Rus	
Rus	
ruse	anchor
Ruse	
Russer	
russisk	flower
Rust-	
ruste	anchor
rustig	
Rustmester	
rutte	
ryge	
ryggesløs	
Rygte	
rygtes	comet
rykke	swords
Rylagen	
Rympling	
Rytter	bird;fish;spades;swords;wheel
Rytteri	mercury;swords
Ræddike	flower
Rækel	
Rækel	
Række	swords;wheel
Rænke	
Rødbrissel	
røde	
Rødgyder	
Rødskær	
Rødsten	comet;mercury
røje	
Røllike	flower
rømme	mercury;wheel;anchor
Rørdrum	bird
Røre	
rørig	
Røst	
røve	
Røver	
Raa	anchor
Raad	
Raad	
Raadgiver	
Raadhus	
Raadmand	fish
Raadne	
Raadsfrue	
Raadslag	
raadslaa	
Raage	bird
sabbe	
Sadelmager	
Sadel	swords;anchor;wheel;music
Safran	flower
sagte	
sagte	
sagtelig	
Sagthed	
Sagtighed	
Sagtmod	
sagtmodig	
Sagvolder	
Sal	
salig	
Salighed	
Salsirken	
Saltsole	
Salve	
salve	
Salvie	flower
Salving	
sam-	
Samarie	
samle	swords;wheel
samt	
samtlig	
Samvittighed	
Sandart	fish
sankt	flower
Sardug	
sart	
Sav	
save	
savle	
Schartek	mercury
Schout	
Seddel	
Segl	
Segl	flower
segle	
Sejer	
Sejerværk	
Sejlads	
Sejser	
Seks	
Sele	anchor
Selle	
selle	
Selskab	
selv-	
selvmyndig	
selv	spades
selvstændig	
selvvillig	
Sengenætter	
Senkel-	
Sennes-	
Serpentine	swords
Si	
si	
sid	
Siden	
Sig	
Signet	flower
sigte	
sigte	anchor
Sigte	anchor;swords
Sigte	
sikker	
Sikkerhed	swords
sikkerlig	
Sikling	
sikre	swords
Sikring	swords
Sil	
Silkestikker	
Simle	
simpel	spades;swords
Sindal	
sindelig	
sindig	
sindrig	
Sind	comet
Singel	
Singrøn	flower
Sinke	
Sir	
Sirat	music
sire	music
Sise	
Sisken	bird
sive	
Sjov	anchor
Sjæl	swords;music
Sjælebad	
Sjæledag	
Sjælegave	
Skab	
-skab	
Skab	
Skabelon	
Skabernak	
skabet	
Skaffer	
Skak	anchor
Skaktavl	
Skal	wheel
Skald	
Skalk	
skalkagtig	
Skalkefund	
Skalkhed	
Skalle	
Skalmeje	music
skamfere	
Skammel	
Skand-	
Skank	
Skanse	
skanse	
Skanse	swords;anchor
Skar	
Skare	
skare	
Skarlagen	
Skarn	spades
Skarntyde	flower
Skarpretter	
skarre	
Skarvagt	
Skat	
Skat	
skatte	
skatte	
Skavank	
skave	
-ske	
Skede	
skede	
Skedsherre	
Skel	anchor;comet
skel	comet
skele	
skelle	
ske	
Skibbrud	
Skibelse	
skibe	mercury;anchor
Skibmand	anchor
Skibsrustning	
Skide	
skide	
Skider	
Skidt	spades
Skifer	
skifte	anchor;swords
Skik	anchor
skikke	
skikkelig	
Skikkelse	
Skildpadde	anchor
skildre	
Skildvagt	swords
skille	
Skilling	swords;flower
Skilt	
skimme	
skinbar	
skinbarlig	
Skind	mercury;anchor
skinde	
Skinder	
Skinderi	
Skinke	
Skinneben	
Skinne	
Skipper	anchor
Skippund	
skive	anchor
Skive	wheel;anchor;swords
Skjold	swords;anchor
Skjorte	
Skjul	
Skobod	
Skokketal	
Skole	music
Skomager	bird;anchor
Skonfarsejl	
Skonrog	anchor
Skorsten	
Skovisk	
Skovl	anchor;wheel
skovle	anchor
Skrabe	
skraføjte	
Skramme	
Skrave	anchor
Skred	
Skrift	
Skrig	
skrikke	
Skrin	
skrive	mercury;quad;music
skrode	
Skrot	
skrubbe	wheel
skrue	anchor;comet
Skrue	music;swords
skrumpe	
skryde	
Skrædder	flower;anchor
Skræv	
Skraa	
skraa	
skraa	swords
Skraa	swords
skubbe	anchor
Skubkarre	
skudde	comet
Skude	anchor
skudre	
Skuffe	
skuffe	
Skuffe	
skuffe	
Skuffel	bird
skufle	
Skulde	fish
Skulder	swords
Skulpe	
skulpe	
skumme	
Skummer	
Skumring	
Skur	
skure	
skurre	
Skutilsvend	
skutte	
sky	
Sky	
sky	
skylde	
Skyldner	
Skyt	
Skytningsstue	
Skyts	
Skytte	
skytte	
Skytte	fish
Skæl	anchor;wheel
skælde	
Skældsord	
Skælm	
skæmme	
skænde	
skændelig	
Skænder	
skændig	
Skænk	
Skænk	
skænke	
Skænkeskive	
Skærdug	
-skærig	
Skærmbrækker	
Skærm	swords;wheel;anchor
skærmydse	
Skærmydsel	swords
Skærv	
Skærve	
Skæv	
skæv	anchor
Skæve	
Skæver	
Skævl	
Skøde	anchor
Skøge	flower
skølpe	anchor
skøn	
Skørbug	
skør	flower;wheel
skøre	
skøre	anchor
Skøre	anchor
Skørt	
skørte	anchor
Skaan	
skaane	
skaanlig	
Skaar	anchor
Slabberas	
slag	
Slagbro	
Slag	anchor;music;wheel;spades;swords
Slagge	wheel
Slagregn	
Slagside	anchor
Slagt	
Slagt	
slagte	
Slagtemaaned	
Slagter	
Slagtning	
Slagtorden	
Slagvindue	
slakke	anchor
Slange	
slank	
Slat	
sleg	
slege	
slem	
slemme	
slet	music
Slev	
Slib	
slibe	wheel
slibrig	
Slid	wheel
Sli	fish
Slik	anchor
slikke	
slimig	
Slink	
Slips	
slire	anchor
Slot	
Slotslov	
Slu	
Sluffe	
sluge	
slumme	
slunke	
Slup	anchor
Sluse	
Slut	
slutte	anchor;swords;wheel;mercury
Slutter	
Slyde	
slynge	anchor
Slynge	flower
Slyngel	
Slæbe	
slæbe	anchor;mercury
Slæde	anchor;swords;wheel
Slægt	
slægte	
slæne	
slænge	
sløjfe	anchor
Sløjfe	music
Slør	swords
sløre	anchor
sløse	
sløv	
Smag	
smage	
smagelig	
Smakke	anchor
smede	
Smide	
Smide	anchor
smide	spades;anchor
smidig	wheel
Smitte	
smitte	
Smuds	
Smul	
Smult	
smykke	
Smæde	
smædelig	
smægte	
smægtig	
Smækfilleke	
smæle	
Smøg	
Smør	music
smøre	wheel
smørrig	
smaa	anchor;spades;quad
Smaahed	
smaalig	
Snabel	
Snak	
snakke	
Snaphane	
snappe	
Snare	
Snaskeri	
snedelig	
snedig	
Snedker	
snedkre	
Snegl	wheel;music
Snekke	anchor
Snekke	wheel
snel	
Sneppe	bird
Snes	
snildraadig	
Snive	
Snog	
Snor	
snorke	
Snorker	
snorlige	
snorret	
Snot	
snotte	
Snu	
Snude	anchor
Snue	
snue	
snuppe	
snurre	
snyde	spades
snykke	
Snæbel	fish
Snære	flower
snøre	mercury;swords
Sobel	
Sobøder	
Sod	
Sodbrænden	
Sod	
Sok	
Sold	
Soldner	
Sole	
Sommerfugl	
Sone	
sone	
Sopken	
sorgfældig	
spade	
Spade	swords
spadsere	
Spage	anchor
Span	
Spand	
Spand	anchor
Spandrem	
Spang	
Spanskgrønt	mercury;flower
Sparkalk	
Sparlagen	
Speceri	
Spe	
Sped	
spedalsk	
spede	
Spege-	
spejde	
Spejder	
Spejl	anchor;swords
Spelt	flower
spelte	
Spelt	fish
Spene	
Spergel	flower
Spid	wheel
spidde	
Spids	wheel;spades;swords
Spidsbub	
Spids	
spids	anchor;music
spidse	
Spidshat	flower
Spidsrod	
Spiger	
Spikenard	flower
Spil-	anchor;wheel
Spil	spades;music;swords
Spil	anchor
Spilde	
spilde	
spile	anchor
Spilfægtning	
Spille	
spille	swords;music;anchor;spades
Spillefugl	
Spiller	
Spilling	
Spiltov	
Spindeside	
spinket	
Spir	anchor
Spire	
Spise	
spise	
Spiser	
Splid	
splide	
Splint	anchor
Split	
splitre	
spo	
Spog	
spole	
Spole	wheel;flower
Spolorm	
spore	
Spore	anchor;swords
Spot	
spotsk	
Sprang	
sprede	wheel;music;swords
Sprekker	
Sprinkel	
Sprinkler	
sprinklet	
Sprog	
Sprok	
Sprot	
sprude	
Sprung	
Sprutning	
Sprutte	
Spryd	anchor
sprænge	wheel
Spraade	
Spund	
spunde	
Spy	
Spyd	wheel
spydig	
spydsk	
Spygat	anchor
Spæk	anchor
Spækhøker	
spække	anchor
spænde	wheel
Spær	
spærre	mercury
spøge	
Spøgelse	
Spøgeri	
Spøl	
Stabelgods	mercury
Stabel	
stable	
Stad	
Stade	
stadelig	
stadfæste	mercury
Stads	
Staffeli	
staffere	
stage	anchor
Stag	anchor;wheel
Stak	
Stakit	
Stal	
Stalbroder	
Stald	
stalde	
Stalding	
Staldmester	
Staler	
stalle	
Stalmester	
stamle	
Stamme	wheel;spades;swords
Stampe	
stampe	anchor
Stampe	
Standart	swords
standfast	
standhaftig	
Stands	
Stank	
starblind	
Stat	
statelig	
Statholder	
Stavn	
stedse	
Steg	
Steg	music;wheel
stejl	anchor
Stejle	
Stelle	
stelpe	
stemme	mercury
Stemme	music
Stemp	
stempe	
Stempel	wheel
stemple	
Stenbider	fish
Stenbikke	flower
Stenbikker	fish
Stenbræk	flower
Stenbuk	
Stenbøsse	
stenet	
Stenmarv	
Stenugle	bird
Stervbo	
Sti	
Sti	
Stif-	
Stift	
Stift	
stifte	
Stige	
stige	wheel;music
Stihage	
stik	anchor
Stikbovt	anchor
Stik	spades;anchor;wheel
stikke	anchor;spades;wheel
Stikke	wheel
Stikpenge	
Stilk	wheel
stille	anchor;mercury
stille	
stille	swords;anchor;mercury;wheel
Stillids	bird
Stilling	
Stilling	swords
Stim	
stime	
stind	
stive	anchor
stiv	music;flower;wheel;anchor;mercury
Stjerne	wheel;mercury
Stjernekiger	fish;anchor
Stjerneskud	
Stjøvl	
Stob	
Stod	
stodre	
Stokfisk	mercury;fish
Stolgang	
Stolpe	anchor
stolt	flower
stoltelig	
Stolthed	
stoltsere	
stoppe	anchor;music
Storm	anchor
storme	anchor
Stormhage	swords
Straf	
straffe	spades
straffelig	
strag	
straks	mercury
stram	mercury
Straten-	
Stratenrøver	
Streg	music;spades;anchor;swords
Stregmaal	
strejfe	
streng	
strengelig	
Stribe	
stribet	flower;mercury
stridbar	
stride	s
stridig	
Strid	
Strige	
strikke	
strikke	wheel
Strime	
Strimmel	
strinte	
Strippe	
Strud	
Struds	bird
Strunt	bird
Strut	
stryge	music;anchor
Strækkeben	
strække	anchor;wheel
Strømling	fish
Strømpe	
Straale	
Stue	wheel
stum	music;bird
Stump	anchor;spades
stumple	
stump	wheel
Stund	
stunde	
Stundeglas	
sturen	
Stuv	
stuv	anchor
stuve	
stuve	anchor
stuve	wheel
Stuvning	
Stylp	
stylpe	
Stymper	
Styr	anchor
Styrbord	anchor
Styr	
styre	
styre	anchor
Styrmand	
styrre	
Styrte	
styrte	
Styrtning	swords;anchor
Styrvolt	spades
styve	
Styver	
stædig	
Stær	
Stætte	
Stævn	anchor
stævne	
Stævne	
Stød	swords;anchor
støje	
stønne	
Stør	fish
Støtte	anchor;spades
støtte	anchor;swords;spades
Støv	
støve	
Støver	
Støvle	music;anchor
støvlet	
Støvmel	
Sudryg	
Sukker	mercury
Sum	mercury
Sump	
Sund	
sund	mercury
Sundhed	
Suppe	
sur	
surfittig	
surmule	
surre	
Sus	
Svaber	anchor
svag	spades;mercury
svage	
Svale	bird
Svalm	
sval	
Svamp	
Svang	
svanger	
svanse	swords
Svans	swords;wheel
svarlig	
Svend	
Svibbue	
Svibel	
Svig	
Svigerske	
Svime	
Svimelse	
Svimeslag	
svimeslaa	
svimle	
Svimmel	
svindt	
Svinke	
Svoger	
svogre	
Svovl	
Svulst	
svække	mercury;swords
Svælg	
svænge	
Sværdfeger	mercury
svæve	music
Svøbe	anchor
syd	anchor
Syden	
syden	
syde	
sydost	anchor
sy	anchor
Syl	
Syld	
Syldøkse	
Sylle	
Sylte	
sylte	
Synav	flower
Syn	comet
synderlig	
Synest	
Syre	flower
Sæbe	
Sæbe	
Sæde	swords;wheel
Sæl	
Sælhund	
sælsom	
Sæms-	
sænke	wheel;music
sær	
Søbe	
sød	
Søjle	
Søle	
Sølver-	
Sølverglød	
Sølvpop	
Sølvskum	wheel
Sønderjyde	
Søsling	
søværts	anchor
Saad	
saadan	
Saal	wheel;anchor
Saat	
tadre	
Taffel	
Taft	
Tak	
Takkel	anchor
taknemmelig	
Tal	
Tale	
tale	
Talemand	
Talg	
Tallerken	
Talsmand	
Tamper-	
Tang	
Tankebog	
Tanke-	
Tankebrev	
Tanke	
Tant	
Tap	swords;wheel
Tapet	
Taskemager	
Tatar	
Tater	
Tavl	
Teglslager	
Teglsten	
Telt	comet;s
temmelig	
Tempel	
temperere	music
Ten	
Tengsel	
Teriak	
Terne	
Terning	wheel
tese	spades
Tidepenge	
Tidevand	anchor
tidig	music
Tiding	
Tidkortning	
tidlig	
Tidløs	flower
Tidsfordriv	
tilbage	
tilbede	
Tilbehør	
tilbehørende	
Tilbehøring	
tilberede	
tilbetro	
tilbinde	
tilbringe	
tilbøje	
tilbørlig	
tildele	
til	anchor;plus
tildrage	
tildrikke	
tildrive	
Tilfald	
tilfalde	
Tilflugt	
tilfly	
Tilflaad	
tilforladelig	
tilforn	
Tilforsigt	
tilfreds	
Tilfælde	
tilfældig	
tilføje	
tilgedan	
tilgenegen	
Tilgift	
tilgive	spades
Tilhold	
tilholde	
Tilholder	wheel
tilhugge	
tilhænge	
Tilhænger	
tilhøre	
Tilje	
tilkomme	
Tilkomst	
tillade	spades
Tillag	
tillede	
tillige	
tillokke	
tillægge	
Tilløb	
tilovers	
tilpas	
tilpligte	
tilrette	
Tilsagn	
tilsammen	
Tilslager	
tilstede	
tilstaa	mercury
Timmer	mercury
Timse	
timse	
Tin	
Tind	
Tinde	
Tinding	
Tine	
Tingbog	
Tingdag	
tinge	
Tingest	
Tinghus	
Tinghøring	
Tingmand	
Tingstok	
Tingsvidne	
Tingtid	
Tip	
tjalre	
Tjener	
tjene	mercury
Tjeneste	anchor;mercury
tjenstagtig	
tjenstlig	
Tjære	
Tobis	fish
To	
Tofte	anchor
Tog	
toge	
Togger	
Tog	
Told	anchor
tolde	
Tolder	
Told	wheel
Tolk	
tolke	
tone	anchor
Tone	music;swords;anchor
Top	anchor;wheel;spades;mercury
to	
Tot	
Tov	anchor
Tov	
Tove	
tove	anchor
tragte	
Tralle	
trampe	anchor
Tran	
Trane	bird
Tranehals	flower
trang	
Trang	
trante	
trappe	
Trappe	bird
Trappe	anchor;wheel
trave	
Trav	swords
Tresur	
Tribut	
Trille	
trind	
Trindel	
Trip	
trippe	
trisse	
Trisse	anchor
Tro	
tro	
tro	
Trods	comet
trolig	
trolove	
Tromme	music;wheel;spades
Trompet	music;fish;anchor;swords
Trosse	anchor
Tros	swords
trygle	
Trygler	
Træd	
træde	anchor;swords
træffelig	
Træk	
Træk	spades;mercury;wheel
trække	wheel;swords;spades;anchor;mercury
Trænge	
trænge	
Trængsel	
Træring	
træsk	
Trøje	
Trøjedus	
Trøje	swords;wheel
Trøst	
trøste	
Traad	
Tud	
tude	
Tudehorn	
Tugt	
tugte	
tugtelig	
Tugtemester	
tugtig	
tumle	
Tumler	bird
ture	
turig	
Turkis	
turnere	
Turteldue	bird
Tusindblad	flower
tusindfold	
Tusindkunstner	
Tusk	
tuske	
tusse	
Tut	
tutte	
Tvebak	
Tvedragt	comet
tvedrægtig	
tvefoldig	
tvefærdig	
tvi	
Tvist	
tviste	
tvistig	
tvivlagtig	
tvivle	
tvivlmodig	
Tvivl	
tværs	anchor;mercury
ty	
Tykke	
tynd	anchor
Tyrk	
Tyskendæk	anchor
Tyveri	
Tæge	
tænke	
tæppe	
Tæppe	
tære	wheel
Tærer	
tærge	
tærske	
Tærskel	anchor
tærtet	
Tæve	
Tøddel	
Tøffel	
Tøj	swords
Tøjte	
Tømmer	anchor
Tømmermand	anchor
Tønde	anchor
tørne	anchor;wheel
Tørst	
tøve	
Taabe	
taag	
Taage	swords
Taal	
taale	
Taarn	anchor;swords
Uadel	
uafladelig	
uagtet	
uanset	
Uart	
uartig	
ubarmelig	
ubarmhjertig	
ubegribelig	
Ubehag	
ubehjælpelig	
ubehjælpsom	
ubekendt	
ubekvem	
ubekvemmelig	
ubekymret	
uberedt	
uberygtet	
uberaad	
ubeskadiget	
ubeskeden	
ubeskedenlig	
ubeskrivelig	
ubeskaaret	
ubesmittet	
ubestandig	
ubesværet	
ubetalt	
ubetænkelig	
ubetænkt	
ubevant	
ubevidst	
ubevægelig	
ubillig	
ubrødelig	
ubændig	
ubørlig	
udarbejde	
udbede	
udblæse	wheel;swords
udborge	
Uddrag	mercury
udeblive	
udelelig	
udfalde	anchor
udfeje	
Udflugt	
udflugtisk	
udfly	
Udflaad	
udfordre	spades
udfærdige	
udføre	anchor;mercury
Udgift	mercury
udhøkre	
udkejse	
Udkomst	
udkræfte	
udkvælde	
udlade	
Udligger	
udlægge	anchor;wheel;currency
Udlægger	spades;wheel;anchor
udlændig	
udlændisk	
udlæse	
udrede	
udrette	
udstede	mercury
udstyre	
udstyrte	
udstøde	wheel
udstaa	
udsælge	mercury
Udsætning	swords
udsætte	swords;anchor;music;wheel
Udsætter	swords
udtappe	
udtegne	
udtjene	
Udtog	
udtolke	
udtrykke	
udtrække	
udtrænge	
udtvinge	
udtyde	
udtælle	
udtære	
uduelig	
Udvagt	
udvaske	
udveje	
udvendig	
udvige	music
udvippe	
udvise	mercury
udviske	swords
Udvisning	
udvortes	
udygtig	
udædig	
udæske	
ufinlig	
Uflid	
uforbigængelig	
uforbrødelig	
uforfaren	
uforfærdet	
uforgribelig	
uforgængelig	
uformodende	
Ufornuft	
uforrette	
uforsagt	
uforseende	
uforsigtelig	
uforsigtig	
uforskammet	
ufortrøden	
ufortøvet	
uforvarende	
ufærdig	
Uføje	
uføjelig	
Uge	
ugemen	
Ugle	bird
Uglspil	
uhyre	
Uhyre	
uhyrlig	
uhørlig	
uhørsommelig	
Ukrudt	
Uld	
Ulejlighed	
Ulempe	anchor
ulidelig	
Ulm	flower
Ulykke	
ulykkelig	
Ulyst	
Umage	
umanerlig	
umenneskelig	
umulig	
umyndig	
Umaade	
umaadelig	
und-	
unddrage	
unde	
Unden	
underbringe	swords
underbygge	
underdan	
underdanig	
under	anchor;swords;mercury
underdykket	
Undergang	
undergive	
undergrave	
undergaa	
Underhold	
underholde	
Underholdning	
Underhus	
underhyre	
underkaste	
Underkøb	
underkøbe	
underlade	
Underlag	
underlig	
underligge	
underlægge	
underløbe	anchor
Undermester	
undermænge	
Underpant	
Underretning	
underrette	
Undersked	
underskede	
underskedlig	
underskrive	mercury
Underslag	anchor
underslaa	anchor
underst	anchor
understikke	spades
understøtte	
understaa	
undersætte	music
undersøge	
Undersaat	
undertiden	
undertrykke	
undertræde	
undertrænge	
undertvinge	
undervejs	
undervise	
Undervisning	
undervoksen	
Underværk	
undfalde	
undfange	
undfare	
undfly	
undflyve	
undfri	
undføre	
undgælde	
undgaa	
undholde	
undkomme	
undlive	
undløbe	
undrende	
undride	
undrykke	
undrømme	
undse	comet
undsejle	
undsige	
undskylde	
undslaa	
undspringe	
undstikke	
Undsætning	swords
undsætte	swords
undvige	
undvære	
Unge	
unyttig	
unødig	
Unaade	
Upligt	
upligtig	
Ur	
Ur	spades
urede	
uredelig	
urette	
Urhane	bird
urigtig	
urimelig	
Urt	
Urtegaard	
Uraad	
uraadig	
usindig	
Uskik	
uskikkelig	
Uskyld	
uskyldelig	
uskyldig	
Uskyldighed	
usmagelig	
usmittet	
Ustyr	
ustyrlig	
usund	wheel
uterlig	
utoet	
Utugt	
utugtelig	
utugtig	
Utøj	
uvildig	
Uvilje	
uvitterlig	
uvittig	
uægte	mercury
Uaar	
Vad	
Vade	
vade	swords
Vadmel	
Vadsæk	
Vagt	swords;anchor
Vagtel	bird;swords
Vagtpenge	
Vajd	flower
vaje	anchor
vakle	
Val	anchor
valen	
Valfart	
Valnød	flower
Valravn	
Valse	
Valsted	
valtre	
Vams	
van-	
vanbyrdig	
vande	anchor;swords
Vandel	
Vandkalv	
Vandkarse	flower
Vandkrukke	
Vandkunst	
vandle	
Vandløsning	
vandre	anchor
Vandring	anchor
Vange	
vanke	
vankel-	
Vanmagt	
Vanne	wheel
vanskabt	
Vant	anchor
Vantmager	
varagtig	comet
Varde	anchor
vare	
Vare	anchor
Vare	mercury
Varetaarn	
varmgar	
Varp	anchor
varsko	anchor
Vartavl	
varte	
Vartegn	
Varulv	
vaske	
vaske	mercury;spades;anchor
Vaterspil	
Vattersot	
Vav	flower
ve	
Vedbend	flower
ved	quad
veder-	
vederbugtet	
vederdøbe	
Vederdøber	
vederfare	
Vedergæld	
vedergælde	
Vederhage	
vederkvæge	
Vederlag	
vederlægge	
Vedermod	
Vederpart	
vedersige	
Vederskin	
vedstaa	
veglig	
Vegne	
Vejbred	flower
Vej	anchor
vejde	
Vejdeværk	
Vejebod	
veje	comet
Vejepenge	
Vejer	
Vejerhus	
Vejleje	
Vejr	comet;anchor;mercury
-vejs	
Veksel	mercury
veksle	
Veksler	wheel
Velbefald	
velbefalde	
veldædig	
Velfart	
Velkom	
velkommen	
velladende	
Vellyst	
vellystig	
velvillig	
Vemod	
vemodelig	
vemodig	
Vemodighed	
Vendekaabe	
vendisk	
vene	
venlig	
Venneke	
verdslig	
Vermut	mercury;flower
Verne	
Ve	
Vesselhorn	
Vesten	
Vestersø	
Vestfaler	
vestvært	
Vibe	bird
Vid	
Vidde	
Vide	
vide	
vide	
vide	
Vidende	
Videnhed	
Videnskab	
videntlig	
viderværdig	
Vidie	flower
Vidne	swords
Vidskab	
vidtløftig	
Vidtløftighed	
Viebiskop	
Vielse	
Vig	
vigtig	
Vikke	flower
Vildbrad	
Vildnis	
Vildt	
Vildtbane	
Vildtværk	
Vilkaar	
vilkaare	
ville	plus
villig	mercury;anchor
vimle	
Vimmel	
Vindearmbrøst	
vinde	anchor;
vinde	
Vinde	flower
Vindetakkel	
Vindfang	anchor;wheel
Vindhund	
Vinding	
Vindrue	
Vindvaage	
vinke	
Vinkel	swords;wheel
Vinrude	flower
Vinsten	flower
Vinterlag	
Vippe	
vippe	
Vippe	wheel;anchor
Virak	mercury
vire	
Vire	wheel
Virk	
Vis	
-vis	anchor;music
vis	
vise	anchor;spades
viselig	
Viser	
Vished	
Visitats	
viske	swords
visple	
visse	
visselig	
Vissen	
vitterlig	
Vitterlighed	
vittig	
Vitve	
Vivel	
Vlies	
Vod	
Vogndriver	
Vognskud	
vogte	
vok	
Voks	
Voksnæse	
Vold	
volde	
volde	
voldelig	
Voldsager	
voldsom	
volme	
Volverlej	flower
Vom	
Vorte	
Vove	
vove	
Vovehals	
Vrag-	
Vrag	anchor;mercury
vrage	
Vrager	
Vragfisk	fish
Vraggods	mercury
Vragsild	
Vragsten	
vrampet	
vrang	
Vrangel	
Vrede	
vredelig	
vredes	
vrikke	anchor
Vrille	
Vringel	
vrinsk	
vrippe	
Vrist	
vrænge	
Vræt	
vraade	
vule	anchor
vurde	
vurdere	
Vurst	anchor
Væbner	
væbne	
Væd	
vædde	
Vædde-	
Væddeløb	
vægerlig	
Væge	wheel
Vægge	
vægre	
Vægt	anchor
Vægter	
vægtig	
væk	anchor
Væld	
vælde	
vældelig	
Vælde	
vældig	
vælig	
Vælling	
vælsk	
vænne	
Vær-	
væragtig	
Værde	
værdes	
værdig	
værdige	
Værft	anchor
Værgebo	
Værge	
værgeløs	
Værk	anchor
Værk	anchor;music;swords
Værker	
Værkmester	
Værksted	anchor
Værktøj	wheel
Værn	
værpe	
værre	
Vært	
Værtinde	
-værts	
Værtskab	
Væsel	
Væsen	
væsentlig	
Væske	
Vætte	
væve	
vævle	
Vævling	anchor
Vaabenhus	
Vaag	
Vaage	
Vaage	anchor
Vaan-	
Vaaning	
vaase	
Weichsel	flower
Yder-	
yderlig	
yderst	mercury
yde	
ydre	swords
ylde	
Yngermand	
Yngling	
yppe	
yppere	
ypperst	
yppig	
ytre	
Yver	
ædel	
Ædelhed	
ædelig	
Ædelsten	
ædle	
Ædling	
ægge	
Æggehvide	
Æggeost	
ægget	
Æggetøj	
Æg	
Æg	swords;flower
Ægstaal	
ægte	comet
Ægte	
ægte	wheel;mercury;plus
Ægtebrev	
ægtelig	
Ægtemand	
Ægteskab	
Ægteviv	
ælde	
ældre	
ældst	
ængste	
ængstelig	
æragtig	
ærbar	
Ærbarhed	
ærbødig	mercury
Ære	mercury
ære	
æreløs	
ærgerrig	
ærgre	
ærlig	
Ærlighed	
ærsom	
Ært	flower
ærværdig	
Æsel	anchor
æske	
ætse	
Ø	
Øjeblik	
øje	
Øjenskalk	
øjenskinlig	
øjensynlig	
Øjentjener	
Øjentrøst	flower
Øje	flower;plus;anchor;swords;wheel;spades
Øjeæble	
Ønske	
ønske	
Ørefigen	anchor
Ørs	
Øse	
øse	anchor
Øsken	wheel
Øst	anchor
øst	
østen	anchor
Østen	anchor;flower
Østersø	
øve	
øvrig	
Øvrighed	
aabenbar	
aabenbare	
Aabenbarelse	
aabenbarlig	
aandepusten	
Aar	
Aaremaal	
Aarsag	
aarsage	
Aas	
Aavending	
