lemma;tags;ordklasse
abbedi;REL;S
abinde;FAU;S
advent;REL;S
afbigt;SPR;S
afbræk;HAN;S
afbud;SPR;S
afgrund;VER;S
afgud;REL;S
afguderi;REL;S
afgunst;FØL;S
afhandling;SAM;S
aflad;REL;S
afmagt;FØL;S
afsked;SPR;S
aftræd;HAN;S
agerum;FLO;S
agt;SAN;S
agter;SØF;S
agterstand;BES;S
agtertanke;KOG;S
agtning;KOG;S
akeleje;FLO;S
alant;FLO;S
alderdom;KRO;S
aldermand;SAM;S
allike;FAU;S
almisse;REL;S
alrune;FLO;S
alun;HÅN;S
alvor;KOG;S
ambolt;HÅN;S
amdam;GAS;S
ame;KVA;S
amt;SAM;S
andel;BES;S
andeputte;VER;S
andrik;FAU;S
andvord;BES;S
ane;SLÆ;S
anfald;KRO;S
angang;HAN;S
angel;HÅN;S
angreb;MIL;S
angst;FØL;S
anhang;SAM;S
anhær;SLÆ;S
anker;SØF;S
ankomst;HAN;S
anpart;BES;S
anrigter;GAS;S
ansigt;KRO;S
anskrig;HAN;S
anslag;HAN;S
anstand;JUR;S
anstød;HAN;S
antal;KVA;S
antræd;HUS;S
anverper;HÅN;S
arbejde;HÅN;S
ark;SAM;S
arkeli;MIL;S
armbrøst;MIL;S
armod;BES;S
armtøj;MIL;S
aron;FLO;S
art;FAU;S
arvesåt;SAM;S
avnbøg;FLO;S
baj;BEK;S
bakke;SØF;S
bakkelse;GAS;S
baldrian;FLO;S
balg;MIL;S
balje;HÅN;S
ballast;SØF;S
balle;SØF;S
bane;BEV;S
banner;MIL;S
barat;BEK;S
barber;HÅN;S
barde;MIL;S
barfred;MIL;S
bark;FLO;S
barker;HÅN;S
barnefod;KOG;S
barnsten;SØF;S
bars;FAU;S
barse;SØF;S
bart;KRO;S
bastert;GAS;S
basun;MUS;S
bean;KRO;S
bed;HÅN;S
bede;FLO;S
bedrag;BES;S
bedrift;BES;S
bedring;KRO;S
bedrøvelse;FØL;S
befal;SAM;S
befaling;SAM;S
beg;HÅN;S
begreb;KOG;S
begyndelse;HAN;S
begynder;SAM;S
begængelse;HAN;S
begær;KOG;S
begæring;SAM;S
behag;KOG;S
behjælp;HAN;S
behold;KOG;S
behov;KOG;S
behør;SAM;S
bejtel;HÅN;S
bekendelse;SPR;S
beklemmelse;KOG;S
bekymmer;FØL;S
bekymring;FØL;S
belag;MIL;S
belob;RUM;S
beram;SAM;S
berggeselle;HÅN;S
berme;MIL;S
bernsten;SØF;S
bertram;FLO;S
berøm;SAM;S
beråd;KOG;S
besked;SPR;S
beskudding;SAM;S
beskyt;SAM;S
beslag;HÅN;S
bestand;SAM;S
bestilling;SAM;S
besvær;KOG;S
betryk;KOG;S
bevilling;SAM;S
bibel;REL;S
bigat;SØF;S
bigtpenge;BES;S
bikke;HÅN;S
bikkel;KRO;S
bil;HÅN;S
billede;MUS;S
bindike;HÅN;S
bindsel;SØF;S
bindt;HÅN;S
bindøkse;HÅN;S
birk;JUR;S
bislag;HUS;S
bislopperske;SAM;S
bismer;BES;S
bismervægt;BES;S
bistand;SAM;S
bit;KVA;S
bitte;KVA;S
bles;FAU;S
blide;MIL;S
blik;HÅN;S
blik;HAN;S
blixen;VER;S
blok;HÅN;S
blomme;FLO;S
blus;SØF;S
bly;HÅN;S
blyant;BEK;S
blyglætte;HÅN;S
blæne;KRO;S
blænker;MIL;S
boble;VER;S
bog;FLO;S
bogfinke;FAU;S
boghvede;FLO;S
bol;SAM;S
bole;SAM;S
bolskab;SAM;S
bolt;SØF;S
bolt;HÅN;S
bolværk;HÅN;S
bom;SAM;S
bommesi;BEK;S
bomolie;GAS;S
bomuld;BEK;S
bopæl;SAM;S
borg;BES;S
borgeleje;SAM;S
borger;SAM;S
borgerskab;SAM;S
borgerske;SAM;S
borgmester;SAM;S
bort;HÅN;S
boulevard;SAM;S
boveri;HAN;S
bovspryd;SØF;S
brad;GAS;S
bradbænk;SØF;S
bradspid;GAS;S
brage;HÅN;S
bram;FLO;S
bras;FØL;S
brase;HÅN;S
brasen;FAU;S
brask;FØL;S
bregne;FLO;S
bremse;HÅN;S
brik;HÅN;S
briks;HÅN;S
brink;VER;S
brise;VER;S
brist;HAN;S
brok;KRO;S
brokfugl;FAU;S
brombær;FLO;S
brosme;FAU;S
brug;SAM;S
brum;SPR;S
bry;GAS;S
bræk;HAN;S
bræmme;BEK;S
brændevin;GAS;S
bræt;HÅN;S
brøde;FØL;S
brødsukker;GAS;S
buddike;FLO;S
bugbid;KRO;S
bugspryd;SØF;S
bugt;VER;S
buksbom;FLO;S
bukse;BEK;S
bulder;HAN;S
bule;HAN;S
bumester;HÅN;S
bundt;KVA;S
buntmager;HÅN;S
bursprog;SAM;S
bussemand;KRO;S
busseskib;SØF;S
bylt;BEK;S
bynne;VER;S
byse;SØF;S
bytte;FAU;S
bægt;HAN;S
bækken;KRO;S
bære;HAN;S
bærme;SAM;S
bæst;FAU;S
bæver;FAU;S
bævergejl;FAU;S
bøddel;SAM;S
bøddele;SAM;S
bødker;HÅN;S
bøffel;FAU;S
bøje;SØF;S
bøjert;SØF;S
bønhas;SAM;S
bør;BEV;S
bøsse;MIL;S
bøssekrudt;MIL;S
bøssesten;MIL;S
bøtte;HÅN;S
både;HAN;S
bådsmand;SØF;S
båke;SØF;S
båre;MIL;S
celle;SAM;S
chartek;SAM;S
daddel;FLO;S
dagting;SAM;S
damask;BEK;S
dannekvinde;SAM;S
dannemand;SAM;S
dat;HAN;S
datum;TID;S
deger;KVA;S
del;KVA;S
desmer;FAU;S
desmerdyr;FAU;S
desmerurt;FLO;S
dialesalve;BEK;S
digegreve;SAM;S
digel;HÅN;S
digt;MUS;S
dirk;HÅN;S
dise;BEK;S
dising;VER;S
dobbe;FAU;S
dobbel;SAM;S
dok;SØF;S
dole;SAM;S
dollar;BES;S
dolslag;BEK;S
donkraft;HÅN;S
drabant;MIL;S
drager;SAM;S
dragesele;BEV;S
dragt;BEK;S
dranker;SAM;S
dressel;BES;S
drog;SAM;S
dromedar;FAU;S
drone;FAU;S
dros;KRO;S
drossel;FAU;S
drost;SAM;S
dru;GAS;S
drue;KVA;S
druebor;HÅN;S
drukkenbolt;SAM;S
drukkenskab;HAN;S
drummer;REL;S
drunk;HAN;S
dryp;HAN;S
dræk;HUS;S
dræksjung;SAM;S
drøvelse;FØL;S
dudendop;SAM;S
dug;HUS;S
dugt;SØF;S
dukke;HUS;S
dumrian;SAM;S
dunder;VER;S
dunk;HÅN;S
dunst;SAN;S
dup;HÅN;S
durik;FAU;S
dus;SAM;S
dusin;KVA;S
dvaledrik;GAS;S
dvælg;SØF;S
dvælg;HUS;S
dyring;TID;S
dyst;MIL;S
dyvel;HÅN;S
dække;HUS;S
dæksel;HÅN;S
dæle;HÅN;S
dødike;HÅN;S
dødslag;HAN;S
dørk;SØF;S
dørns;HUS;S
dørslag;HUS;S
dåb;REL;S
dåre;SAM;S
dårekiste;SAM;S
ebbe;VER;S
eddike;GAS;S
efterretning;SPR;S
ege;SØF;S
egt;KRO;S
ejendom;JUR;S
ejland;VER;S
elende;FØL;S
elfenben;HÅN;S
elm;FLO;S
embedsmand;SAM;S
endesked;SAM;S
endragt;SAM;S
enhjørning;FLO;S
enke;SLÆ;S
enspænder;SAM;S
es;KVA;S
es;FØL;S
eskadre;SØF;S
esping;SØF;S
esse;HUS;S
etmål;SØF;S
eventyr;HAN;S
evert;SØF;S
façon;HAN;S
fadder;REL;S
fadderskab;REL;S
fadderske;REL;S
fading;HÅN;S
fagte;HAN;S
faldbom;MIL;S
falk;FAU;S
falkeleje;FAU;S
falkoner;FAU;S
falkonet;SØF;S
fals;HAN;S
falsk;HAN;S
falskner;SAM;S
fane;MIL;S
fange;MIL;S
fangst;FAU;S
fanke;FLO;S
fant;SAM;S
fare;FØL;S
farebog;REL;S
farlighed;FØL;S
farsot;KRO;S
fart;BEV;S
fartøj;SØF;S
farve;HÅN;S
farvelade;MUS;S
farver;HÅN;S
fastelavn;REL;S
feber;KRO;S
fedel;MUS;S
fedtegrever;GAS;S
fejde;MIL;S
fejefyr;REL;S
fejl;HAN;S
felt;VER;S
fenne;VER;S
fennikel;FLO;S
ferdendel;KVA;S
fernis;HÅN;S
fetalje;GAS;S
fetaljebroder;SAM;S
fibel;HUS;S
figen;FLO;S
fikke;BEK;S
fil;HÅN;S
filt;HÅN;S
finke;FAU;S
finkeljokum;GAS;S
finker;GAS;S
finne;FAU;S
finne;FAU;S
fiol;MUS;S
firk;BES;S
fistel;KRO;S
fjas;HAN;S
fjerdendel;KVA;S
fjældfras;FAU;S
fjæs;HAN;S
flab;KRO;S
flagermus;FAU;S
flagspætte;FAU;S
fled;SAM;S
flid;HAN;S
flint;VER;S
flintsten;VER;S
flise;HÅN;S
flitter;HÅN;S
flod;VER;S
flok;HÅN;S
floksilke;BEK;S
flomme;KRO;S
flos;BEK;S
flugt;MIL;S
flæb;KRO;S
flække;SAM;S
fløj;"FAU;MIL;SAM";S
fløjl;BEK;S
fløjte;MUS;S
fløjte;SØF;S
flåd;HAN;S
fod;KRO;S
foder;HÅN;S
fodgænger;SAM;S
foermand;SAM;S
foerværk;HÅN;S
foged;JUR;S
fogedi;JUR;S
fok;SØF;S
fold;FAU;S
foragt;FØL;S
forbandt;HÅN;S
forbeding;REL;S
forborg;MIL;S
forbud;HAN;S
forbund;SAM;S
fordel;HAN;S
fordrag;JUR;S
fordæk;SØF;S
fordærv;HAN;S
forehavende;HAN;S
forfader;SLÆ;S
forfald;HAN;S
forfang;HAN;S
forgift;GAS;S
forhoved;KRO;S
forhæng;HUS;S
forhøjning;VER;S
forhør;JUR;S
forkastel;SØF;S
forkering;"HAN;SAM";S
forkøb;BES;S
forlag;BES;S
forlis;BES;S
forlisning;BES;S
forlov;JUR;S
forlover;JUR;S
forlust;BES;S
forløb;"TID;RUM";S
form;RUM;S
formue;BES;S
formuenhed;BES;S
formynder;JUR;S
formynderskab;JUR;S
fornotling;JUR;S
fornuft;FØL;S
forord;SPR;S
forpligt;JUR;S
forprang;BES;S
forpæling;MIL;S
forram;HAN;S
forræder;JUR;S
forråd;BES;S
forsigtighed;HAN;S
forskel;KOG;S
forskrift;JUR;S
forskud;"HÅN;BES";S
forsmag;FØL;S
forsmædelse;FØL;S
forspan;BEK;S
forspil;MUS;S
forsprekker;SAM;S
forspøg;HAN;S
forstand;KOG;S
forstander;SAM;S
forstrand;VER;S
forstændighed;KOG;S
forståelse;KOG;S
forsæt;HAN;S
fortgang;BEV;S
fortjeneste;BES;S
fortog;SØF;S
fortog;HAN;S
fortoning;"KOG;SØF";S
fortrin;HAN;S
fortræd;FØL;S
fortøgering;HAN;S
forvantskab;SLÆ;S
forvar;HAN;S
forvorpenhed;HAN;S
foræring;BES;S
forår;TID;S
fourer;"SAM;MIL";S
fragt;SØF;S
fransos;SAM;S
fribytter;MIL;S
frier;SAM;S
frihed;SAM;S
friherre;SAM;S
frille;SLÆ;S
fritte;FAU;S
frokost;GAS;S
fromesse;REL;S
fruentimmer;SAM;S
frugt;FLO;S
frygt;FØL;S
frynt;SLÆ;S
fryntskab;SLÆ;S
frøken;SAM;S
fråds;HAN;S
fugt;VER;S
fuldbord;JUR;S
fuldmagt;JUR;S
fund;HAN;S
fust;VER;S
fusthammer;HÅN;S
fyldest;"JUR;BES";S
fyr;"VER;SØF";S
fyraften;TID;S
fyrbold;MIL;S
fyrbolle;HUS;S
fyrbøder;HÅN;S
fyrighed;FØL;S
fyrste;SAM;S
fyrstinde;SAM;S
fyrtøj;HÅN;S
fælg;HÅN;S
fængsel;JUR;S
fænnik;MIL;S
fætter;SLÆ;S
føje;JUR;S
føring;SØF;S
gaber;SAM;S
gadder;HUS;S
gaffel;"GAS;MIL;SØF;HÅN";S
galej;SØF;S
galgant;FLO;S
galle;"FLO;KRO;HÅN";S
galm;VER;S
gangvogn;BEV;S
ganning;FØL;S
garn;HÅN;S
gave;BES;S
gebyr;BES;S
gebærd;HAN;S
gederams;FLO;S
gefald;"FØL;HAN";S
gehør;SAN;S
geled;MIL;S
gelegenhed;HAN;S
gelejdsmand;BEV;S
gemak;HUS;S
gemyse;FLO;S
gerrighed;BES;S
geryst;HÅN;S
geråd;BES;S
gesel;HÅN;S
gesellestik;MIL;S
gesind;HUS;S
gesindeken;HUS;S
geskæft;HAN;S
geskænk;BES;S
getov;HÅN;S
gevind;BES;S
gevær;MIL;S
gie;SØF;S
gifttyde;FLO;S
gige;MUS;S
gigt;KRO;S
gisel;MIL;S
gjordel;BEK;S
glas;"HÅN;GAS;SØF";S
glavind;MIL;S
glib;HÅN;S
glut;SAM;S
glætte;HÅN;S
greve;SAM;S
grever;GAS;S
grib;FAU;S
grimmenis;SAM;S
grindel;HUS;S
groffenbrad;GAS;S
grotfyrste;SAM;S
grube;"VER;HÅN";S
grue;"HUS;VER";S
grus;VER;S
grut;"VER;FLO";S
græker;SAM;S
grænse;SAM;S
græsenke;"SAM;KOG";S
græskar;FLO;S
græsspire;FLO;S
grævling;FAU;S
grøde;"FLO;KRO";S
grøft;VER;S
grønirisk;FAU;S
grønsvær;FAU;S
gudshus;REL;S
guldværk;HÅN;S
gunst;FØL;S
gylden;BES;S
gylle;FLO;S
gynter;KRO;S
gæk;HÅN;S
gækkeri;HAN;S
gær;FLO;S
gæstehus;SAM;S
gøgelspil;HAN;S
gøgl;HAN;S
gøgler;SAM;S
gåseørn;FAU;S
hage;"HÅN;MIL";S
hagebøsse;MIL;S
hakke;HÅN;S
hakkebræt;"HUS;MUS";S
hakkelse;FLO;S
halle;SAM;S
hamme;HÅN;S
hamp;FLO;S
handel;HAN;S
handling;HAN;S
handske;BEK;S
hank;HÅN;S
hanrej;SLÆ;S
hans;SAM;S
hansa;SAM;S
harnisk;MIL;S
harpiks;FLO;S
harrild;FLO;S
hartkorn;FLO;S
harts;FLO;S
has;FLO;S
hase;KRO;S
hast;BEV;S
hattestafferer;HÅN;S
havelværk;MIL;S
hedevig;GAS;S
heggel;FLO;S
hegle;FLO;S
helled;SAM;S
hellegat;SØF;S
hellighed;REL;S
helsfyr;REL;S
helt;SAM;S
hemmelighed;KOG;S
henfart;"BEV;REL";S
herberg;SAM;S
herd;"HUS;HÅN";S
herkomst;SLÆ;S
herlighed;FØL;S
hermelin;BEK;S
herold;SAM;S
herre;SAM;S
herskab;SAM;S
hertug;SAM;S
hidsehund;MIL;S
himmelstreg;VER;S
hinderhold;MIL;S
hingst;FAU;S
hippokras;GAS;S
hirse;FLO;S
hjerteslag;KRO;S
hjælmetegn;SAM;S
hjælper;SAM;S
hob;KVA;S
hof;SAM;S
hoffart;HAN;S
hoffourer;SAM;S
hoffærd;HAN;S
hoffærdighed;HAN;S
hofte;KRO;S
hold;HAN;S
holk;SØF;S
homej;MIL;S
hore;SAM;S
horesøn;SLÆ;S
hospital;SAM;S
hov;SAM;S
hovedskib;SØF;S
hovedstol;BES;S
hovmand;SAM;S
hovmester;"SAM;SØF";S
hovmod;FØL;S
huj;BEV;S
huk;"RUM;SØF";S
huld;FØL;S
hulsten;HÅN;S
hulurt;FLO;S
humpel;"GAS;SØF";S
hundestejle;FAU;S
hungertitte;FAU;S
husbjælke;HUS;S
husblas;GAS;S
husfrue;HUS;S
husgesinde;HUS;S
husk;HAN;S
hvalrav;FAU;S
hvalspæk;FAU;S
hverdag;TID;S
hvergarn;HÅN;S
hverv;SAM;S
hvidesøndag;REL;S
hvilling;FAU;S
hylle;BEK;S
hyllike;BEK;S
hylster;HÅN;S
hyre;"BES;SØF";S
hyrling;SAM;S
hysken;HUS;S
hyssing;"HÅN;SØF";S
hæg;HAN;S
hægte;HÅN;S
hægte;JUR;S
hælding;SØF;S
hælvt;KVA;S
hængsel;HÅN;S
høfde;VER;S
højtid;REL;S
høker;HÅN;S
hønnike;FAU;S
høns;FAU;S
hørsvinger;HÅN;S
høved;FAU;S
høvedsmand;"SAM;MIL";S
høvl;HÅN;S
håb;FØL;S
hån;FØL;S
håndklove;JUR;S
hånhed;FØL;S
igle;FAU;S
igt;KRO;S
il;BEV;S
ilder;FAU;S
indbildning;KOG;S
inddrift;FAU;S
inderste;SAM;S
indhold;RUM;S
indholt;SØF;S
indkomst;BES;S
indlager;JUR;S
indpas;BEV;S
indsigelse;JUR;S
indtog;HAN;S
indtrang;HAN;S
indvåner;SAM;S
ingefær;FLO;S
irisk;FAU;S
isben;BEK;S
isenkram;HÅN;S
isop;FLO;S
ister;GAS;S
iver;FØL;S
jabroder;SAM;S
jagt;MIL;S
jaherre;SAM;S
jakke;BEK;S
jammer;FØL;S
jammerdal;FØL;S
jennik;REL;S
jolle;SØF;S
jomfru;SAM;S
jordrøg;FLO;S
junge;SAM;S
jungelin;SAM;S
junker;SAM;S
juvelér;HÅN;S
jæger;MIL;S
jægt;KRO;S
jærnurt;FLO;S
jøde;SAM;S
kabe;SØF;S
kabel;SØF;S
kabeltegn;SØF;S
kabys;SØF;S
kag;JUR;S
kahyt;SØF;S
kakkel;HUS;S
kalent;REL;S
kalk;HÅN;S
kalkun;FAU;S
kallun;GAS;S
kalvedans;GAS;S
kammerdug;BEK;S
kamp;HAN;S
kanel;GAS;S
kanin;FAU;S
kans;"KOG;HAN";S
kant;RUM;S
kanut;SAM;S
kapel;REL;S
kapel;HÅN;S
kappe;BEK;S
kapperøllike;BEK;S
kaprun;BEK;S
kapun;FAU;S
karavel;SØF;S
karde;HÅN;S
kardus;"MIL;KVA";S
karnap;HUS;S
karpe;FAU;S
karpe;HÅN;S
karre;BEV;S
karse;FLO;S
karte;HÅN;S
kartove;MIL;S
karusse;FAU;S
karve;GAS;S
kastel;MIL;S
kavent;GAS;S
kavl;"HÅN;VER";S
kedelhat;BEK;S
kegle;"HÅN;RUM";S
kejle;VER;S
kejser;SAM;S
kel;HÅN;S
kende;KOG;S
kerte;HUS;S
kikkert;HUS;S
kile;HÅN;S
kim;FLO;S
kimme;HÅN;S
kimmer;HÅN;S
kin;FLO;S
kindbakke;"FAU;KRO;SØF";S
kinke;HÅN;S
kip;HUS;S
kipe;HÅN;S
kippe;HUS;S
kippe;HUS;S
kipper;BEK;S
kirsebær;FLO;S
kirsej;BEK;S
kiste;JUR;S
kiv;HAN;S
klage;"SPR;JUR";S
klamme;"HÅN;SPR";S
klank;HAN;S
klap;HÅN;S
klapholt;HÅN;S
klappebænk;HUS;S
klaret;GAS;S
klat;FLO;S
klejne;GAS;S
klejnsmed;HÅN;S
klenodie;HUS;S
kleppert;"FAU;SAM";S
kleresi;REL;S
klerk;REL;S
klid;FLO;S
klik;"FLO;SPR";S
klinke;"HUS;HÅN;MIL";S
klint;VER;S
klippe;VER;S
klipping;"FAU;BES";S
klister;HÅN;S
klod;"RUM;SØF";S
klode;VER;S
klods;BEK;S
kloghed;KOG;S
klokkeknevl;HÅN;S
klokker;REL;S
klokkespise;HÅN;S
klokkestund;TID;S
kloster;REL;S
klov;FAU;S
klov;HÅN;S
klovert;SAM;S
klump;"SAM;RUM";S
klus;REL;S
klyne;"FLO;RUM";S
klys;SØF;S
klyver;SØF;S
klæbber;HÅN;S
kløft;"VER;HÅN";S
kløver;FLO;S
knabe;SAM;S
kneb;HAN;S
knebel;HÅN;S
knevel;"HÅN;SØF";S
knibe;"HÅN;FØL";S
knibtang;HÅN;S
knipling;HÅN;S
knippel;MIL;S
kniv;"HÅN;MIL";S
knob;"SØF;HÅN";S
knoge;KRO;S
knogle;KRO;S
knogleknokkel;KRO;S
knop;"RUM;FLO";S
knot;"HÅN;SAM";S
knægt;SAM;S
knæk;HAN;S
knæler;SAM;S
knæling;"SAM;HÅN";S
kobbel;SAM;S
kobber;"HÅN;SØF";S
kobberrøg;HÅN;S
kode;FAU;S
koffardi;SØF;S
kog;VER;S
kogge;SØF;S
kogger;"MIL;SØF";S
kogler;SAM;S
kok;GAS;S
kol;"KRO;VER";S
kolbe;"MIL;HÅN";S
koldskål;GAS;S
kommen;GAS;S
komst;HAN;S
kop;"HUS;KRO";S
korde;"HÅN;MUS";S
korde;HÅN;S
kordel;"HÅN;SØF";S
korduan;HÅN;S
korn;BES;S
kort;"SØF;SAM";S
kortvil;HAN;S
kost;JUR;S
kost;GAS;S
kove;HUS;S
kovs;HUS;S
kovsken;HUS;S
kraftkirke;REL;S
kragejolle;SØF;S
krakel;HAN;S
kram;SAM;S
krammeri;SAM;S
krampe;KRO;S
krampe;HÅN;S
kran;HÅN;S
krans;"FLO;HÅN";S
krave;"BEK;FAU";S
kravel;SØF;S
kreds;SAM;S
krejert;SØF;S
kride;VER;S
kridt;VER;S
krig;MIL;S
kristen;REL;S
kro;GAS;S
kroer;SAM;S
kroerske;SAM;S
krofader;SAM;S
krone;BEK;S
krop;KRO;S
krop;FAU;S
krud;FLO;S
krudt;MIL;S
krukke;HUS;S
krumholt;SØF;S
krumkage;GAS;S
krumme;GAS;S
krus;HUS;S
krusbær;FLO;S
kruse;BEK;S
krusemynte;FLO;S
krybbe;FAU;S
krydde;GAS;S
krydder;GAS;S
krydderbrød;GAS;S
krydderi;GAS;S
kryds;RUM;S
krydsurt;FLO;S
kræft;KRO;S
kræge;FLO;S
kræmmer;SAM;S
kræmmerhus;HUS;S
kræmmeri;HAN;S
krøbel;KRO;S
krøgle;RUM;S
krølle;"KRO;BEK";S
krønike;SAM;S
krøs;HÅN;S
kråse;FAU;S
kube;HÅN;S
kuf;SØF;S
kulde;VER;S
kule;"VER;SØF";S
kule;FAU;S
kulegraver;SAM;S
kuller;"FAU;KRO";S
kumme;HUS;S
kummer;FØL;S
kumpan;SAM;S
kundskab;"KOG;JUR";S
kundskaber;MIL;S
kunst;MUS;S
kunster;MUS;S
kur;HAN;S
kure;SAM;S
kure;HAN;S
kuretårn;MIL;S
kurv;"HUS;HÅN";S
kuvert;"HUS;GAS";S
kvabbe;"FAU;SØF";S
kvalm;"VER;FØL";S
kvalster;KRO;S
kvansvis;HAN;S
kvant;SAM;S
kvarter;"RUM;KVA;TID";S
kvase;SØF;S
kvast;HÅN;S
kvater;KVA;S
kvikstjært;FAU;S
kviksølv;HÅN;S
kvint;MUS;S
kvintin;KVA;S
kvittebrev;BES;S
kvæde;FLO;S
kvæg;FAU;S
kyrbis;FLO;S
kyssel;HUS;S
kæbe;KRO;S
kæde;"HÅN;SAM";S
kælderhals;FLO;S
kæmler;SAM;S
kæmner;SAM;S
kæmpe;"MIL;KRO";S
kæmper;"MIL;KRO";S
kætter;REL;S
købmandskab;SAM;S
købslag;BES;S
købstad;SAM;S
køgemester;SAM;S
køje;"FAU;HUS";S
køkerske;HUS;S
køkken;HUS;S
køkkenmester;HUS;S
kønrøg;HÅN;S
kørsener;HÅN;S
kørvel;FLO;S
køter;FAU;S
kå;FAU;S
kådner;SAM;S
kårde;MIL;S
kås;SØF;S
lade;HAN;S
lade;HÅN;S
lage;GAS;S
lagen;HUS;S
lak;FØL;S
lakhed;HAN;S
lakrids;FLO;S
laktuk;FLO;S
lampe;HUS;S
landfaring;SAM;S
landløbere;SAM;S
landskab;"VER;SAM";S
landsåt;SAM;S
langhilde;TID;S
langvogn;HÅN;S
lapperi;HAN;S
las;BEK;S
last;"SØF;FØL";S
lasttold;SØF;S
latte;"HÅN;SØF";S
lave;KOG;S
le;HÅN;S
ledehund;FAU;S
leding;VER;S
ledsager;SAM;S
legeme;KRO;S
legenhed;KOG;S
lejd;HÅN;S
lejde;"SAM;JUR";S
lejdebrev;JUR;S
lejder;"SØF;HÅN";S
leje;FLO;S
lejle;GAS;S
lejlighed;SAM;S
lejr;MIL;S
lektie;"SAM;REL";S
lemmike;FLO;S
lempe;"HAN;JUR";S
len;SAM;S
lening;BES;S
lidkøb;HAN;S
ligedeler;SAM;S
lignelse;"REL;KOG";S
ligtorn;KRO;S
likker;SAM;S
limstang;FAU;S
linned;HÅN;S
lire;MUS;S
lirekasse;MUS;S
lispund;KVA;S
livgeding;BES;S
lo;HÅN;S
lod;"MIL;HÅN;SØF";S
lodsmand;SØF;S
los;FAU;S
lose;HAN;S
lov;GAS;S
love;FØL;S
loven;HAN;S
lubbe;FAU;S
luder;MIL;S
luft;VER;S
luge;SØF;S
lugt;SAN;S
lune;FØL;S
lunstikke;HÅN;S
lunte;HÅN;S
lut;MUS;S
luv;SØF;S
lygte;HUS;S
lykke;"REL;FØL";S
lykkehjul;FØL;S
lyksalighed;FØL;S
lyske;KRO;S
lædike;HUS;S
lægmand;"SAM;REL";S
lægte;HÅN;S
længe;SØF;S
lære;"SAM;HÅN";S
løffel;"HÅN;FAU";S
løfte;JUR;S
løgner;SAM;S
løjert;SAM;S
løsen;MIL;S
løsgængere;SAM;S
maddike;FAU;S
mag;FØL;S
magt;SAM;S
maledide;REL;S
malle;FAU;S
man;FLO;S
mandel;FLO;S
mandskab;SAM;S
mandslag;JUR;S
mang;FAU;S
manggods;HÅN;S
mangkorn;FLO;S
manglebræt;HUS;S
mansat;FLO;S
manse;FAU;S
marekat;FAU;S
mareminde;REL;S
mark;BES;S
markgreve;SAM;S
marsk;VER;S
marskal;MIL;S
marstald;SAM;S
marter;HAN;S
marterpæl;SAM;S
mase;"KRO;FLO";S
mask;FLO;S
maskepi;SAM;S
mast;SØF;S
mat;SØF;S
materie;KRO;S
matjessild;GAS;S
medbroder;SAM;S
medgift;BES;S
medister;GAS;S
medisterpølse;GAS;S
medlidenhed;FØL;S
mejer;SAM;S
mejerske;SAM;S
melding;SPR;S
menig;SAM;S
mening;KOG;S
menneske;SAM;S
messe;REL;S
messing;HÅN;S
mestepart;KVA;S
mester;SAM;S
mestermand;SAM;S
mesterskab;SAM;S
middel;"BES;SAM;RUM";S
midler;SAM;S
midnat;TID;S
mile;HÅN;S
minde;JUR;S
mink;FAU;S
misdæder;JUR;S
mishag;FØL;S
missemav;FAU;S
mitte;FAU;S
mode;SAM;S
modefarve;HÅN;S
moderløs;"FAU;FLO";S
mor;VER;S
morads;VER;S
morbær;FLO;S
morderi;HAN;S
morgen;KVA;S
morgendag;TID;S
morian;SAM;S
morrod;FLO;S
morsel;GAS;S
morter;HUS;S
mortér;MIL;S
mos;GAS;S
moskølle;SØF;S
most;GAS;S
mudder;VER;S
mug;VER;S
muk;KRO;S
mumme;BEK;S
mundlæder;KRO;S
mundskænk;SAM;S
munk;REL;S
murermester;HÅN;S
musling;FAU;S
mussel;FAU;S
mynster;REL;S
mynte;FLO;S
mysike;FLO;S
mytse;SØF;S
mytteri;"SØF;JUR";S
mæfikke;FAU;S
mægler;"JUR;HÅN";S
mælde;FLO;S
mælkemund;SAM;S
mærling;SØF;S
mærs;"SØF;HUS";S
mæsk;GAS;S
mæslinger;KRO;S
mødrene;SLÆ;S
møje;FØL;S
mølle;HÅN;S
møller;HÅN;S
mønje;HÅN;S
mønster;HÅN;S
mønsterplads;MIL;S
mønstring;"HAN;SØF;MIL";S
mønt;BES;S
mønter;HÅN;S
mørser;MIL;S
måde;"KVA;HAN";S
måltid;GAS;S
måneså;FLO;S
måtte;HUS;S
naboerske;SAM;S
nagletog;HÅN;S
nakke;KRO;S
nar;SAM;S
narv;"HÅN;KRO";S
natelrem;BEK;S
nathus;SØF;S
natskade;FLO;S
nattergal;FAU;S
navleorm;KRO;S
negenøje;FAU;S
nellike;GAS;S
nest;FAU;S
nid;FØL;S
nobel;BES;S
nobiskro;REL;S
noppe;HÅN;S
nyk;BEV;S
nykke;KOG;S
nymære;KOG;S
nytte;HAN;S
næb;FAU;S
næsedug;BEK;S
nødhjælper;SAM;S
nødstald;SAM;S
nødtørft;HAN;S
nødværge;JUR;S
nåd;SØF;S
nådler;HÅN;S
offer;REL;S
offerpenge;REL;S
oldefader;SLÆ;S
oldemoder;SLÆ;S
oldentorre;FAU;S
oldermand;SAM;S
oldfrue;HUS;S
oldgesel;HÅN;S
olie;"FLO;HÅN";S
oliebrødkage;GAS;S
om;SLÆ;S
omstændighed;KOG;S
ophæver;"SAM;HÅN";S
opkomst;HAN;S
opløb;"HAN;SØF";S
oprømmer;HÅN;S
oprør;"SAM;VER";S
opsat;"FLO;KOG";S
opsidder;SAM;S
opsigt;HAN;S
optog;"HAN;MIL";S
orden;"KOG;SAM";S
ordning;SAM;S
ore;FAU;S
organist;MUS;S
orgel;MUS;S
orgelist;MUS;S
orlog;"MIL;SØF";S
orlogger;SØF;S
orlov;JUR;S
ort;"VER;HÅN";S
ort;"BES;KVA";S
os;FLO;S
ost;"VER;SØF";S
overdåd;FØL;S
overdådighed;SAM;S
overfald;MIL;S
overflod;"KVA;VER";S
overhaling;SPR;S
overherre;SAM;S
overhæng;HÅN;S
overhånd;HAN;S
overlast;HAN;S
overløb;BES;S
overmod;FØL;S
overskærer;"HÅN;MIL";S
overslag;"HAN;BES";S
ovnbrød;GAS;S
ovrighed;SAM;S
padde;FAU;S
paddehat;FLO;S
pagt;JUR;S
pak;BES;S
pakkenelliker;BES;S
palads;SAM;S
paladsgreve;SAM;S
pale;REL;S
paltsrok;BEK;S
pamper;MIL;S
pande;HUS;S
pander;MIL;S
panel;HUS;S
panser;"BEK;MIL;HÅN";S
pant;JUR;S
pantoffel;BEK;S
pap;GAS;S
papegøje;FAU;S
papir;HÅN;S
par;KVA;S
paradiskorn;FLO;S
pardel;SAM;S
parder;FAU;S
parkem;BEK;S
parlament;SAM;S
part;"SAM;JUR";S
parti;"SAM;KVA;JUR";S
partisan;MIL;S
pas;"KVA;RUM";S
pas;"SAM;BEV";S
pasbord;JUR;S
pashamp;HÅN;S
passager;BEV;S
passion;"REL;FØL";S
passionerer;BEV;S
patine;BEK;S
patron;"HÅN;MIL";S
patrone;SAM;S
paulun;SAM;S
pave;REL;S
pavement;HUS;S
pavst;REL;S
pebling;SAM;S
pejs;HUS;S
peklin;BEK;S
peld;BEK;S
pels;"FAU;BEK";S
pelser;HÅN;S
pelteri;HÅN;S
pene;JUR;S
penningebrev;JUR;S
penningebræde;BES;S
pens;BES;S
pensel;HÅN;S
pension;BES;S
pergament;HÅN;S
perikel;FØL;S
perk;SAM;S
perle;VER;S
perm;HÅN;S
perse;HÅN;S
persik;FLO;S
persil;RUM;S
persille;FLO;S
persone;SAM;S
pert;FAU;S
pert;SØF;S
pfalzgreve;SAM;S
pibe;"MUS;KVA;HÅN";S
pibekande;HUS;S
pibeovn;HUS;S
piber;"MUS;SØF;FAU";S
pik;MIL;S
pikkelhering;GAS;S
pikkelhue;MIL;S
pikkeronne;SØF;S
pil;MIL;S
pilar;"HÅN;GAS";S
pilkentavl;HUS;S
pille;HÅN;S
pille;KRO;S
pindsyl;HÅN;S
pinebænk;JUR;S
pinelighed;FØL;S
pings;REL;S
pinke;SØF;S
pinse;REL;S
pinsun;KVA;S
pint;KVA;S
pint;KRO;S
pip;KRO;S
piping;FLO;S
pirris;SAM;S
pis;KRO;S
pisel;HUS;S
pit;KRO;S
pitser;HUS;S
pitserring;BEK;S
pjalt;"BEK;FØL";S
plade;"RUM;HÅN";S
pladeslager;HÅN;S
plads;"SAM;VER";S
plage;FØL;S
plan;"HÅN;RUM;KOG";S
planche;HÅN;S
planet;VER;S
planke;HÅN;S
planse;HÅN;S
plante;FLO;S
plasning;TID;S
plaster;KRO;S
platte;"RUM;HUS";S
plattenslager;"HÅN;SAM";S
plejl;HÅN;S
pligt;"SAM;FØL";S
pligt;SØF;S
plogskat;SAM;S
pluds;MIL;S
plukgæld;BES;S
plyg;HÅN;S
plyndergreve;SØF;S
plæk;VER;S
pløk;HÅN;S
podagel;KRO;S
podagra;KRO;S
pode;FLO;S
poderis;FLO;S
pogge;FLO;S
pojte;GAS;S
pok;MIL;S
pokker;"KRO;REL";S
pol;FLO;S
polamit;BEK;S
polej;FLO;S
poløxe;MIL;S
pometekens;BEK;S
pomissten;"VER;HÅN";S
popelsi;KRO;S
poppel;FLO;S
poppele;FLO;S
porreløg;FLO;S
pors;"FLO;GAS";S
port;"SAM;HUS";S
porthus;SAM;S
portner;SAM;S
portugaløs;BES;S
positiv;MUS;S
possement;HAN;S
post;HÅN;S
post;FLO;S
posteg;GAS;S
postej;MIL;S
postelats;BES;S
pote;FAU;S
potte;"HÅN;FLO";S
potter;HÅN;S
potteskår;HÅN;S
pragt;"HAN;BES;FØL";S
prakker;SAM;S
prakkerfoged;SAM;S
praktik;"SAM;HAN";S
pral;HAN;S
pram;SØF;S
prampering;HAN;S
prang;HAN;S
prange;"HAN;BES;SAM";S
preg;HÅN;S
prent;HÅN;S
prenteri;HÅN;S
present;SAM;S
prik;"HÅN;VER";S
primegæld;SØF;S
prin;HÅN;S
pris;"FØL;BES";S
pris;HAN;S
prison;JUR;S
proces;HAN;S
prop;HÅN;S
proviant;GAS;S
proviantbrød;GAS;S
provst;REL;S
provsti;REL;S
prunk;SAM;S
prys;VER;S
pryssing;GAS;S
prøve;"HAN;SAM";S
pudder;"VER;BEK;GAS";S
pudderbysse;GAS;S
puds;HAN;S
pugge;FLO;S
puk;HAN;S
pukkel;"VER;FAU;KRO";S
pukker;HÅN;S
pukkere;SAM;S
pukpyk;HAN;S
puld;BEK;S
pulpet;HUS;S
puls;KRO;S
puls;HÅN;S
pult;"HUS;HÅN";S
pulteri;SAM;S
pulver;HÅN;S
pumpe;"SØF;HÅN";S
pumpetugge;HÅN;S
pundert;BES;S
pundert;MIL;S
puppe;"HUS;FLO";S
pus;VER;S
puster;HÅN;S
put;VER;S
pykke;BEK;S
pynt;"HAN;BEK";S
pægl;KVA;S
pøker;SØF;S
pøl;VER;S
pølle;HUS;S
rabalder;HAN;S
rabus;HAN;S
rack;HUS;S
rad;SAM;S
raft;"HÅN;FLO";S
rage;HUS;S
rak;SAM;S
rakker;HÅN;S
rakkeri;"HAN;FØL";S
rakkerknægt;HÅN;S
rakkerkule;HÅN;S
ram;HAN;S
ramme;HÅN;S
rampe;KRO;S
rams;FLO;S
ranke;FLO;S
ransel;"BEK;SØF";S
ranson;BES;S
ranson;SØF;S
ransoning;BES;S
raphøns;FLO;S
ras;VER;S
rask;HÅN;S
raskop;SAM;S
rasp;HÅN;S
rast;HAN;S
rat;SØF;S
re;"HAN;SAM";S
rebbenspær;GAS;S
rebe;HÅN;S
reberbane;HÅN;S
rebslager;HÅN;S
rebsmand;JUR;S
red;SØF;S
redding;HAN;S
reder;SØF;S
redskab;HÅN;S
regd;SØF;S
regel;"HUS;HÅN";S
regerer;SAM;S
regimente;SAM;S
regnskab;BES;S
rejnfald;GAS;S
rejnfan;FLO;S
rejse;"HAN;BEV;MIL";S
rejsner;"SAM;MIL";S
rem;HÅN;S
rem;HÅN;S
remmesnider;HÅN;S
remp;"KRO;BES";S
rende;"VER;SØF";S
rendebane;SAM;S
rendespil;HAN;S
rendesten;"SAM;SØF";S
rente;BES;S
rentemester;SAM;S
rentener;SAM;S
ret;GAS;S
ret;HAN;S
retfærdighed;"HAN;SAM";S
retgang;JUR;S
retning;"HAN;BEV";S
retter;JUR;S
retterbænk;"GAS;JUR";S
retterdag;JUR;S
rettergang;JUR;S
rettesnor;"HÅN;SAM";S
rettesværd;JUR;S
rettighed;"JUR;BES";S
revir;"VER;SØF";S
ribalde;SAM;S
ribbe;"KRO;HÅN";S
ribbe;HÅN;S
ridder;"SAM;MIL";S
ridderskab;"HAN;SAM;MIL";S
riddersmand;"SAM;MIL";S
ridelagen;HUS;S
rigel;"HÅN;HUS";S
rim;SPR;S
rind;GAS;S
rindsel;BEK;S
ringeldue;FAU;S
ris;"FLO;HÅN";S
ris;KVA;S
risp;HÅN;S
rist;"GAS;HUS";S
rist;HAN;S
ritmester;MIL;S
rode;"SAM;MIL";S
rode;"BES;KVA";S
rodemester;"SAM;MIL";S
rodset;BEK;S
roe;FLO;S
roe;KRO;S
rok;HÅN;S
rok;BEK;S
rokke;FAU;S
rokkel;FAU;S
roland;MUS;S
romer;VER;S
ror;"SØF;HÅN";S
ros;FAU;S
rosbåre;BEV;S
rose;FLO;S
rosennobel;BES;S
rosin;GAS;S
rost;HAN;S
rotlask;HÅN;S
rotsten;HÅN;S
rotte;FAU;S
rottekrudt;FAU;S
rotværk;BEK;S
rov;"HAN;BES";S
rubank;HÅN;S
rud;HÅN;S
rude;"RUM;HUS";S
rude;FLO;S
ruelse;FØL;S
ruf;"SØF;HÅN";S
ruffer;SAM;S
rufferi;HAN;S
rufferske;SAM;S
rug;FLO;S
rugfoder;FAU;S
rughugger;HÅN;S
ruldug;HUS;S
rulle;"HÅN;SAM";S
rumeni;GAS;S
rummeldøs;GAS;S
rumor;HAN;S
rumpe;KRO;S
runddel;RUM;S
rundholt;SØF;S
ruse;FAU;S
russer;VER;S
rust;HAN;S
rustmester;MIL;S
rygfoer;HÅN;S
rygkræft;KRO;S
rygte;"SPR;FØL";S
rylagen;HUS;S
rympling;FAU;S
ryting;MIL;S
rytter;MIL;S
rytteri;MIL;S
ræddike;FLO;S
ræk;"HUS;JUR";S
rækel;FAU;S
række;"HUS;HÅN";S
rækkebænk;JUR;S
ræling;SØF;S
rødbrissel;FLO;S
rødgyder;HÅN;S
rødskær;FLO;S
rødsten;"VER;HÅN";S
røffel;SPR;S
røjer;SØF;S
røllike;FLO;S
rør;MIL;S
rørdrum;FAU;S
røre;"HAN;BEV";S
røst;MIL;S
røstmester;MIL;S
røver;SAM;S
rådhus;SAM;S
rådne;VER;S
rådsfrue;SAM;S
rådslag;"KOG;SAM;SPR";S
rådstol;SAM;S
råge;FAU;S
sabel;FAU;S
sadde;VER;S
sadden;BEK;S
sade;FØL;S
sadelfad;HUS;S
sadelmager;HÅN;S
sagthed;HAN;S
sagtighed;HAN;S
sagtmod;FØL;S
sagvolder;JUR;S
salighed;REL;S
sallun;HUS;S
salse;GAS;S
salsirken;HUS;S
saltsole;VER;S
salve;KRO;S
salving;REL;S
samarie;"BEK;REL";S
samkøb;BES;S
samvittighed;KOG;S
sandart;FAU;S
sanddune;VER;S
sangmester;MUS;S
sap;VER;S
sardug;BEK;S
sargiant;MIL;S
sasse;VER;S
sav;HÅN;S
savblok;HÅN;S
savdæle;HÅN;S
save;KRO;S
schartek;SAM;S
schout;SAM;S
seddel;"BES;SAM";S
sedfer;FLO;S
segl;FLO;S
segl;"SAM;JUR";S
seglatie;SØF;S
seglsten;SØF;S
sejdenskib;SØF;S
sejdespil;MUS;S
sejer;TID;S
sejerstund;TID;S
sejerværk;HÅN;S
sejlads;SØF;S
sejlgarn;SØF;S
sejser;HÅN;S
sekkering;HAN;S
selle;"SAM;HÅN";S
selskab;SAM;S
semand;SLÆ;S
sengenætter;SLÆ;S
serpentine;"MIL;VER;HUS";S
setteni;HÅN;S
sevenbom;FLO;S
si;HUS;S
sideldort;HÅN;S
siden;HÅN;S
sig;"VER;KVA";S
sigel;FLO;S
sigel;HUS;S
signet;HUS;S
sigte;SØF;S
sikkerhed;"FØL;HAN";S
sikling;HÅN;S
sikring;HAN;S
sil;VER;S
silkestikker;HÅN;S
simle;GAS;S
simpelhed;HAN;S
sind;"FØL;KOG";S
sindal;HÅN;S
sindighed;KOG;S
singel;VER;S
singrøn;FLO;S
sinkadusen;FØL;S
sinke;KVA;S
sir;BEK;S
sirat;BEK;S
siring;BEK;S
sise;BES;S
sisebod;SAM;S
sisik;FAU;S
sjughed;KRO;S
sjunk;VER;S
sjæl;"KRO;FØL;KOG";S
sjælebad;REL;S
sjæledag;REL;S
sjælegave;REL;S
skab;FAU;S
skab;HUS;S
skabelon;"KOG;HÅN";S
skaffer;SAM;S
skaffom;FLO;S
skak;HUS;S
skakkeret;RUM;S
skaktavl;HUS;S
skal;FAU;S
skalk;SAM;S
skalk;"GAS;HÅN";
skalkefund;HAN;S
skalkhed;HAN;S
skalle;KRO;S
skalmeje;MUS;S
skamfæring;HAN;S
skamme;KRO;S
skammel;"HUS;HÅN";S
skamper;SAM;S
skand;FØL;S
skandsten;JUR;S
skanse;"MIL;SØF";S
skanse;HAN;S
skar;BEK;S
skare;SAM;S
skarlagen;"BEK;HÅN";S
skarn;SAM;S
skarntyde;FLO;S
skarpe;"HÅN;HAN";S
skarperigter;JUR;S
skarpmese;MIL;S
skarpretter;JUR;S
skartek;SAM;S
skarvagt;MIL;S
skat;"BES;SAM";S
skavank;KRO;S
sked;KRO;S
skede;SAM;S
skedning;HAN;S
skedsherre;JUR;S
skedsmand;JUR;S
skel;"SAM;KOG";S
skemp;FØL;S
skene;HÅN;S
skenkel;KRO;S
skerpentine;MIL;S
skever;VER;S
skeversten;VER;S
skibbrud;SØF;S
skibmand;SØF;S
skibsrustning;SØF;S
skidehus;HUS;S
skider;SAM;S
skidt;"KRO;FØL";S
skifer;VER;S
skik;"KOG;FØL";S
skikkelse;"KRO;SAM";S
skikking;SAM;S
skildpadde;FAU;S
skildvagt;MIL;S
skilling;BES;S
skilt;"MIL;SAM";S
skimling;FAU;S
skimmel;FAU;S
skimring;TID;S
skinder;HÅN;S
skinderi;HAN;S
skink;GAS;S
skinke;GAS;S
skinne;"KRO;HÅN";S
skinneben;KRO;S
skipper;SØF;S
skippund;KVA;S
skirrit;FLO;S
skive;"GAS;HÅN;SØF;HUS";S
skjold;MIL;S
skjorte;BEK;S
skjud;MIL;S
skobod;HÅN;S
skodde;HUS;S
skok;KVA;S
skokketal;KVA;S
skolapper;HÅN;S
skole;SAM;S
skomager;HÅN;S
skonfarsejl;SØF;S
skonrog;"GAS;SØF";S
skorsten;HÅN;S
skot;BES;S
skovl;HÅN;S
skovr;HUS;S
skrabe;"KRO;HÅN";S
skrage;HUS;S
skramme;"KRO;BEK";S
skrange;HÅN;S
skrank;HUS;S
skrankværk;HUS;S
skrave;HÅN;S
skridt;"KRO;BEV";S
skrift;"HAN;SPR;SAM";S
skrin;HUS;S
skrinmagere;HÅN;S
skrivén;SØF;S
skrivereskole;SAM;S
skrivetyg;HUS;S
skrodvægt;HÅN;S
skrolle;KRO;S
skrot;"HÅN;MIL";S
skrue;HÅN;S
skrump;KRO;S
skrædder;HÅN;S
skræv;HÅN;S
skrå;"HÅN;MIL";S
skråtobak;GAS;S
skubkarre;BEV;S
skude;SØF;S
skuestage;SØF;S
skuffe;HUS;S
skuffe;HÅN;S
skuffel;"HUS;FAU";S
skulde;FAU;S
skulder;KRO;S
skuller;FAU;S
skultus;SAM;S
skumring;"TID;HÅN";S
skur;HUS;S
skurramme;HÅN;S
skutilsvend;GAS;S
skuttel;HUS;S
sky;FØL;S
skylding;JUR;S
skyldner;BES;S
skyr;BEK;S
skyt;SAM;S
skyt;MIL;S
skytfærd;MIL;S
skyts;MIL;S
skytte;MIL;S
skytte;HÅN;S
skyttevold;MIL;S
skæft;SAM;S
skæker;JUR;S
skæl;"SØF;FAU";S
skældensord;SPR;S
skælding;SPR;S
skældsbrev;SAM;S
skældsord;SPR;S
skælm;SAM;S
skælmer;SAM;S
skænder;SAM;S
skænk;SAM;S
skænk;"HAN;HUS";
skænkeskive;HUS;S
skænkeøl;GAS;S
skæpperi;FAU;S
skærbrækker;MIL;S
skærbækken;BEK;S
skærdug;HUS;S
skærm;MIL;S
skærmbræt;HUS;S
skærmere;MIL;S
skærmeslag;MIL;S
skærmydsel;"MIL;HAN";S
skærv;"BES;HAN";S
skæve;HÅN;S
skæver;KRO;S
skævl;SAM;S
skøge;SAM;S
skørbug;KRO;S
skøre;"HÅN;SØF";S
skørt;BEK;S
skørtedug;BEK;S
skår;HAN;S
slabberas;"VER;SAM";S
slagbro;SAM;S
slagge;HÅN;S
slagregn;VER;S
slagside;FAU;S
slagskat;BES;S
slagt;MIL;S
slagt;HAN;S
slagtemåned;TID;S
slagter;HÅN;S
slagtning;HAN;S
slagvindue;HUS;S
slange;FAU;S
slat;"GAS;KVA";S
slatte;HUS;S
slemhed;FØL;S
slemmere;SAM;S
slev;HUS;S
sli;FAU;S
slib;"HAN;HÅN";S
slid;HAN;S
slink;HÅN;S
slopsæk;SAM;S
slot;"MIL;SAM";S
slotsherre;SAM;S
slotslov;JUR;S
slu;"VER;HÅN";S
sluffe;BEV;S
slug;HAN;S
slugop;SAM;S
slump;"HAN;KVA";S
sluse;SAM;S
slut;"HAN;TID";S
slutter;JUR;S
slyde;"MIL;HÅN";S
slynge;MIL;S
slyngel;SAM;S
slæb;"HAN;SØF;BEK";S
slæde;BEV;S
slægt;"SLÆ;KRO";S
sløjer;BEK;S
slør;BEK;S
slå;HUS;S
smag;"GAS;SAN";S
smak;FLO;S
smide;BEK;S
smide;SØF;S
smigere;SAM;S
smigeri;"HAN;SPR";S
smitte;"KRO;BEK";S
smolt;GAS;S
smæ;SPR;S
smækfilleke;SAM;S
smælighed;SPR;S
smærte;"FØL;KRO;SAN";S
smøg;VER;S
smør;GAS;S
småhed;"KVA;FØL";S
snak;SPR;S
snaphane;MIL;S
snare;"HÅN;MIL";S
snarkere;SAM;S
snaskeri;GAS;S
sne;VER;S
snedker;HÅN;S
snegl;FAU;S
snekke;SØF;S
sneppe;FAU;S
snes;KVA;S
snor;HÅN;S
snorker;SAM;S
snot;KRO;S
snu;"HAN;KVA;KOG";S
snude;FAU;S
snue;KRO;S
snæbel;FAU;S
sobel;FAU;S
sobøder;FAU;S
sod;VER;S
sodbrænden;KRO;S
sode;VER;S
sok;BEK;S
sold;BES;S
soldat;MIL;S
solding;BES;S
soldner;MIL;S
sole;GAS;S
solvirrel;VER;S
som;KVA;S
sommerfugl;FAU;S
sone;"SAM;JUR";S
sopken;"HAN;GAS";S
sotidsel;FLO;S
spage;"SØF;GAS";S
span;BEK;S
spand;HUS;S
spand;"FAU;HAN";S
spandemager;HÅN;S
spandrem;HÅN;S
spang;"HÅN;BEK";S
spanskgrønt;"HÅN;FLO";S
spareribs;GAS;S
sparkalk;HÅN;S
sparlagen;HUS;S
spat;FAU;S
spe;"HAN;FØL";S
speceri;GAS;S
sped;KVA;S
spefugl;SAM;S
spejder;MIL;S
spejl;HUS;S
spelt;FLO;S
spelt;FAU;S
spene;"KRO;FAU";S
spid;"GAS;HÅN;MIL";S
spids;RUM;S
spids;MIL;S
spidseri;GAS;S
spidshat;"BEK;FLO";S
spiger;HÅN;S
spikenard;FLO;S
spil;"BEV;HAN;SAM";S
spil;"HÅN;SØF";S
spilfægtning;HAN;S
spilhus;SAM;S
spillefugl;"FAU;SAM";S
spiller;"SAM;MUS";S
spilleside;SAM;S
spilling;FLO;S
spindeside;SLÆ;S
spinkel;VER;S
spir;"HÅN;SAM;SØF";S
spire;FLO;S
spise;GAS;S
spiser;HUS;S
splid;SAM;S
splint;VER;S
split;"RUM;VER";S
spog;"REL;SAM";S
spole;HÅN;S
spolorm;FAU;S
spord;GAS;S
spore;MIL;S
sprekker;SAM;S
spring;VER;S
springhorn;FLO;S
springkorn;FLO;S
sprinkel;HÅN;S
sprinkler;KRO;S
sprog;SPR;S
sprok;FLO;S
sprot;GAS;S
sprung;"HAN;HÅN";S
sprutning;FLO;S
sprutte;"HUS;FAU;GAS";S
spryd;SØF;S
spryd;SØF;S
sprydstagsejl;SØF;S
språde;FLO;S
spund;"HÅN;GAS";S
spy;"KRO;HAN";S
spyd;MIL;S
spydstage;MIL;S
spæk;"FAU;HÅN";S
spækhøker;SAM;S
spær;MIL;S
spær;HÅN;S
spærhage;HÅN;S
spærvogn;BEV;S
spøgeri;HAN;S
spøl;"HUS;GAS";S
stabel;"RUM;HÅN;BES";S
stabelafløbning;SØF;S
stabelgods;BES;S
stad;"VER;SAM";S
stade;"SAM;HAN;HUS";S
stads;"HAN;BEK;FØL";S
stag;SØF;S
stakit;"MIL;HUS";S
stal;FAU;S
stalbroder;SLÆ;S
stald;FAU;S
stalding;HAN;S
staldmester;HUS;S
staler;SAM;S
stalmester;SAM;S
stamme;FLO;S
stammet;BEK;S
stampe;HÅN;S
stampe;"HAN;FØL";S
standart;MIL;S
stands;HAN;S
stangkrejer;SØF;S
stank;SAN;S
stat;SAM;S
statholder;SAM;S
stavn;"JUR;VER";S
steg;SAM;S
steg;HÅN;S
stejle;FAU;S
stekemes;MIL;S
stel;HÅN;S
stelle;HÅN;S
stemme;SPR;S
stemp;HÅN;S
stempel;HÅN;S
stenbider;FAU;S
stenbikke;FLO;S
stenbikker;FAU;S
stenbræk;FLO;S
stenbuk;FAU;S
stenbøsse;MIL;S
stenhus;HUS;S
stenlim;HÅN;S
stenmarv;VER;S
stenpikkere;HÅN;S
stensluffe;BEV;S
stenugle;FAU;S
sterredros;KRO;S
stervbo;SAM;S
stevel;BEK;S
stever;FAU;S
stift;HÅN;S
stift;REL;S
stig;KVA;S
stigt;"JUR;REL";S
stihage;HÅN;S
stik;HAN;S
stikketøg;MIL;S
stikpenge;BES;S
stikpille;KRO;S
stillids;FAU;S
stillighed;VER;S
stilling;HAN;S
stilling;HAN;S
stim;"HAN;KVA";S
stint;FAU;S
stivelse;"GAS;SAN";S
stjernekiger;HAN;S
stjerneskud;VER;S
stob;"HUS;KVA";S
stok;BES;S
stokfisk;FAU;S
stokhus;JUR;S
stokkeknægt;JUR;S
stokmester;JUR;S
stolbroder;"SAM;HÅN";S
stolgang;HAN;S
stolpe;HÅN;S
stolthed;FØL;S
stormhage;MIL;S
straf;JUR;S
stratenrøver;SAM;S
streg;"VER;RUM";S
stregmål;HÅN;S
stretsko;BEK;S
stribe;"VER;RUM";S
strid;"HAN;MIL";S
strig;RUM;S
strikke;HÅN;S
strikmur;MIL;S
strikværn;MIL;S
strime;"VER;KRO";S
strimmel;"KRO;BEK;HÅN";S
strip;HUS;S
strippe;BEK;S
struds;FAU;S
strudse;SØF;S
strukrøver;SAM;S
strunk;FLO;S
strunt;"HAN;FAU";S
stræde;"SAM;SØF";S
strækkeben;REL;S
strømling;FAU;S
strømpe;BEK;S
stråle;"VER;RUM";S
studium;SAM;S
stukke;BEK;S
stump;FLO;S
stund;TID;S
stundeglas;HUS;S
stuve;"KVA;SAM";S
stykke;"RUM;KVA";S
stylp;HUS;S
stymper;SAM;S
styr;BES;S
styr;"SAM;HAN;SØF";S
styrbord;SØF;S
styrmand;"SØF;BEV";S
styrring;KOG;S
styrte;BEV;S
styrvolt;SAM;S
styver;BES;S
stæmpe;HÅN;S
stær;KRO;S
stævne;"JUR;SAM";S
stød;"HAN;FØL;TID";S
støder;BES;S
støjt;BEV;S
støtte;"HÅN;BES";S
støv;"VER;FLO";S
støveken;KVA;S
støvle;BEK;S
støvmel;GAS;S
støvning;HAN;S
suben;GAS;S
suben;BEK;S
sudler;"MIL;SAM";S
sukker;GAS;S
sum;"KVA;BES";S
sump;VER;S
sund;"VER;SØF";S
sundhed;KRO;S
suppe;GAS;S
suput;SLÆ;S
suring;VER;S
surseende;"HAN;FØL";S
sus;"VER;BEV";S
svalm;"VER;KVA";S
svans;"BEK;FAU";S
svaring;VER;S
svend;SAM;S
svenk;HAN;S
svibbue;HÅN;S
svibel;FLO;S
svigerske;SLÆ;S
svimelse;KRO;S
svimeslag;HAN;S
svindighed;KOG;S
svinedrift;JUR;S
svinepenninge;BES;S
svoger;SLÆ;S
svovl;VER;S
svulst;KRO;S
svælg;KRO;S
svær;KRO;S
sværdfeger;HÅN;S
sværdside;SLÆ;S
sværke;VER;S
sværm;REL;S
sværte;HÅN;S
syden;VER;S
syl;HÅN;S
syldøkse;HÅN;S
sylle;HÅN;S
sylt;VER;S
sylte;GAS;S
synav;FLO;S
synest;FØL;S
sæbe;BEK;S
sæde;"HUS;SAM";S
sæk;SAM;S
sækkedragere;SAM;S
sækkertal;KVA;S
sælhund;FAU;S
sætning;SAM;S
sættenagle;HÅN;S
søgere;HÅN;S
søjle;HÅN;S
sølverglød;HÅN;S
sølvpop;"SAM;REL";S
sølvskum;HÅN;S
sømmere;FAU;S
søpig;"BEK;SØF";S
søsling;BES;S
søsterskap;"SLÆ;SAM";S
søværts;SØF;S
sål;"KRO;HÅN";S
tabelet;HUS;S
tabin;BEK;S
tablatur;SAM;S
taffel;GAS;S
taffelsmide;HUS;S
taft;HÅN;S
tagl;HÅN;S
tak;RUM;S
takkel;SØF;S
talg;GAS;S
tallerken;HUS;S
talsmand;"SAM;JUR";S
tang;FLO;S
tange;HÅN;S
tanke;KOG;S
tankebog;HUS;S
tankebrev;HUS;S
tant;"HUS;HAN;SPR;FØL";S
tapet;HUS;S
tappegæld;BES;S
tarse;MIL;S
tarter;VER;S
taske;BEK;S
taskemager;HÅN;S
tavl;FAU;S
teglslagere;HÅN;S
teglsten;HÅN;S
telbøsse;MIL;S
telhage;MIL;S
telt;SAM;S
tempel;REL;S
tenværk;HÅN;S
terighed;FØL;S
terne;HUS;S
terning;HUS;S
test;HÅN;S
tidepenge;BES;S
tiding;SPR;S
tidkorting;HAN;S
tidløs;FLO;S
tidsfordriv;HAN;S
tilbehør;HUS;S
tilbehøring;HUS;S
tilbringere;SAM;S
tilflåd;VER;S
tilforsigt;KOG;S
tilfælde;HAN;S
tilfør;HAN;S
tilgift;BES;S
tilhold;HAN;S
tilhænger;SAM;S
tilkomst;HAN;S
tillag;HÅN;S
tilslager;HÅN;S
tims;BES;S
tin;VER;S
tind;"HÅN;FLO";S
tinde;HÅN;S
tine;HUS;S
tingbog;SAM;S
tingbænk;SAM;S
tingest;SAM;S
tinghøring;SAM;S
tingmand;SAM;S
tingstok;"SAM;JUR";S
tingtid;TID;S
tip;RUM;S
tirumtej;BEK;S
titling;GAS;S
tjuvestok;MIL;S
tobis;FAU;S
tog;JUR;S
tog;BEV;S
togbrigge;SAM;S
togsmand;JUR;S
tolast;GAS;S
told;SØF;S
told;HÅN;S
tolder;BES;S
tolk;SPR;S
tolv;VER;S
tom;KVA;S
tornej;MIL;S
tornirisk;FAU;S
toslagere;HÅN;S
tost;GAS;S
tov;HÅN;S
tove;HUS;S
tragt;HUS;S
tral;HÅN;S
tran;GAS;S
trappe;HUS;S
trappe;FAU;S
trappedrager;SAM;S
trav;BEV;S
tremet;KVA;S
tremme;HÅN;S
trent;"RUM;TID";S
tresur;"HUS;BES";S
tribalt;BEK;S
trille;RUM;S
trilling;BES;S
trindel;VER;S
trip;BEK;S
trisse;"HÅN;SØF";S
trods;FØL;S
trometere;MUS;S
tromme;MUS;S
trompe;MUS;S
trompere;MUS;S
trompet;MUS;S
trop;SAM;S
tros;"HUS;MIL";S
trosse;SØF;S
trumpeslagere;MUS;S
trygler;SAM;S
træk;FLO;S
træring;SAM;S
trøje;BEK;S
trøje;KVA;S
trøjedus;SAM;S
trøler;SAM;S
trøst;"SPR;FØL";S
tub;HÅN;S
tud;"KRO;HUS";S
tudehorn;"SAM;SØF";S
tugt;"HAN;FØL";S
tugtemester;"SAM;SØF";S
tugtighed;FØL;S
tumler;"SAM;HÅN";S
tumpe;SAM;S
tun;HUS;S
turbit;FLO;S
turkeland;VER;S
turkis;VER;S
turteldue;FAU;S
tusindblad;FLO;S
tusindkunstner;SAM;S
tusk;BES;S
tuskeri;HAN;S
tvebak;GAS;S
tvedragt;HAN;S
tvedragtighed;HAN;S
tvefoldighed;VER;S
tvege;"FLO;HÅN";S
tvist;"HAN;JUR";S
tvivl;KOG;S
tvivlagtighed;KOG;S
tvivlmod;FØL;S
tykke;FØL;S
tyr;FAU;S
tyran;SAM;S
tyrk;"VER;REL";S
tyveri;HAN;S
tæge;FAU;S
tæppe;HUS;S
tærer;SAM;S
tærling;BES;S
tæve;FAU;S
tøddel;"SAM;KVA";S
tøffel;BEK;S
tøj;"HÅN;MIL;HUS;BEK";S
tøjel;FAU;S
tømmermand;"HÅN;SØF;FAU";S
tønde;"HÅN;KVA";S
tørk;HUS;S
tårn;SAM;S
uadel;SAM;S
uart;HÅN;S
ubeskedenhed;FØL;S
uddrag;JUR;S
udflugt;BEV;S
udgift;"HAN;BES";S
udkejsning;HAN;S
udligger;"HÅN;SAM";S
udstyrtning;HAN;S
udtog;"HAN;BEV";S
udvagt;MIL;S
udvisning;"HAN;JUR";S
udædere;JUR;S
uflid;HAN;S
ufornuft;KOG;S
uføje;HAN;S
ugelspegel;SAM;S
uhyre;"SAM;FØL";S
uhørsomme;HAN;S
ukrudt;FLO;S
uledighed;HAN;S
ulempe;"JUR;HAN";S
ulm;FLO;S
ulv;KRO;S
ulykke;"FØL;HAN;REL";S
ulyst;FØL;S
umage;HAN;S
undergang;"BEV;HAN;SØF;VER";S
underhold;HAN;S
underholdning;HAN;S
underhus;HUS;S
underlag;VER;S
underpant;BES;S
undersked;KOG;S
underskedning;KOG;S
underslag;"BEV;HAN;HÅN";S
undersåt;SAM;S
underværk;REL;S
undgeld;BES;S
undsætning;MIL;S
unseguld;HÅN;S
unåde;FØL;S
upligt;"HAN;JUR";S
ur;"HÅN;TID";S
urettighed;KOG;S
urhane;FAU;S
uråd;HAN;S
usindighed;KOG;S
uskyld;"FØL;JUR";S
uskyldighed;"FØL;JUR";S
ustorm;VER;S
utugt;"FØL;JUR";S
utøj;FAU;S
uvidskab;KOG;S
uvilje;"KOG;FØL";S
uægte;SLÆ;S
uår;TID;S
vadsæk;HUS;S
vagt;"HAN;TID;MIL;SØF";S
vagtel;FAU;S
vagtpenge;BES;S
vajd;FLO;S
vakandelbær;FLO;S
val;SØF;S
vale;VER;S
valkemølle;HÅN;S
valning;BEV;S
valsted;MIL;S
vams;BEK;S
vandbakkelse;GAS;S
vandel;"BES;HAN";S
vandkalv;FAU;S
vandkarse;FLO;S
vandkrukke;HUS;S
vandring;"HAN;BEV";S
vandsnider;SAM;S
vandsten;HUS;S
vange;HÅN;S
vanmagt;FØL;S
vant;SØF;S
vantmager;HÅN;S
vantro;"FØL;REL";S
varde;"SAM;MIL";S
vardemand;MIL;S
vare;"HAN;SPR;KOG";S
vare;"GAS;BES";S
varere;MIL;S
varetårn;MIL;S
varp;"HAN;SØF;HÅN;VER";S
vartavl;HAN;S
vartegn;"SAM;REL";S
varulv;"SAM;FAU";S
vaterkarse;FLO;S
vaterspil;SØF;S
vattersot;KRO;S
ve;"FØL;KRO";S
vedage;TID;S
vedaske;FLO;S
vedbend;FLO;S
vede;FLO;S
vederdøber;REL;S
vederhage;"MIL;VER";S
vederlag;BES;S
vederlyd;VER;S
vedermod;FØL;S
vederpart;"SAM;JUR;MIL;SPR";S
vederskin;VER;S
vederspil;KOG;S
vederspring;"HAN;BEV";S
vederspændighed;KOG;S
vederstand;FØL;S
vedervilje;FØL;S
vedervordighed;FØL;S
vegne;VER;S
vejbred;FLO;S
vejdemets;HUS;S
vejdeværk;FAU;S
vejer;SAM;S
vejleje;MIL;S
veksel;"HAN;BES;VER";S
veksler;SAM;S
velbefald;FØL;S
velfart;"FØL;BES;GAS;KOG";S
velgefald;FØL;S
velkomme;HUS;S
vellyst;FØL;S
velstand;BES;S
vemod;FØL;S
vemodighed;FØL;S
venen;KRO;S
venneke;BEK;S
vermut;"FLO;GAS";S
vesselhorn;MIL;S
vesten;VER;S
vestfaler;"VER;GAS";S
vibelle;SAM;S
vid;KOG;S
vidde;"RUM;VER";S
videnskab;KOG;S
vidtløftighed;"RUM;KVA";S
viebiskop;REL;S
viebisp;REL;S
viekost;REL;S
vielse;REL;S
vikke;FLO;S
vildbrad;"MIL;GAS";S
vilde;KVA;S
vildt;"FAU;MIL";S
vildtbane;SAM;S
vildtværk;"FAU;HÅN";S
vilkår;"FØL;JUR";S
vimmel;HÅN;S
vinde;HÅN;S
vindearmbrøst;MIL;S
vindeldug;KRO;S
vindelsnor;BEK;S
vindelsten;HUS;S
vindetakkel;HÅN;S
vindfang;"HÅN;SØF;VER;HUS;BEK";S
vindrue;FLO;S
vindvåge;VER;S
vinforlader;HÅN;S
vinkel;RUM;S
vinlag;GAS;S
vinmand;HÅN;S
vinrude;FLO;S
vinsten;FLO;S
vinterlag;"SØF;BES";S
vippe;HÅN;S
virak;FLO;S
vire;HÅN;S
virk;FLO;S
vis;"HAN;FØL";S
vise;FAU;S
viser;SAM;S
vished;"KOG;JUR";S
visning;JUR;S
vissen;JUR;S
vitterlighed;"KOG;JUR";S
vitve;SLÆ;S
vivel;FAU;S
vogndriver;BEV;S
vognskud;HÅN;S
voks;"FLO;HÅN";S
vol;KVA;S
vold;"MIL;VER";S
volverlej;FLO;S
vove;VER;S
vove;HAN;S
vovehals;SAM;S
vrag;HAN;S
vrag;"HAN;FØL";S
vrager;SAM;S
vragfisk;FAU;S
vraggods;BES;S
vragsten;HÅN;S
vrede;FØL;S
vrille;RUM;S
vrist;KRO;S
vunde;KRO;S
vundenkrud;KRO;S
vunder;REL;S
vurst;SØF;S
væbner;MIL;S
væd;"HAN;BES";S
væddeløb;HAN;S
væddemestere;JUR;S
væddeskat;BES;S
væge;HÅN;S
vægge;GAS;S
vægt;"KVA;BES";S
vægter;"MIL;SAM";S
vælde;"SAM;HAN";S
vældener;JUR;S
vælling;GAS;S
værde;"FØL;HAN";S
være;BES;S
værft;"VER;SØF";S
værge;"MIL;BES";S
værgebo;KRO;S
værk;HÅN;S
værk;FAU;S
værker;HÅN;S
værkfad;HÅN;S
værkmester;HÅN;S
værksted;HÅN;S
vært;"HUS;SAM";S
værtinde;"HUS;SAM";S
værtskab;"HUS;SAM";S
væsen;"KOG;VER;HAN";S
væsende;SAM;S
væske;HUS;S
våbenhus;"MIL;REL";S
våbentøg;MIL;S
våg;"VER;SØF";S
våge;"VER;SØF";S
våge;"KOG;REL";S
våner;HUS;S
våning;HUS;S
våningshus;SAM;S
weichsel;FLO;S
yngermand;JUR;S
ædelhed;FØL;S
ædelmand;SAM;S
ædelsten;VER;S
ædling;"SAM;FØL";S
æggetøj;HÅN;S
ægstål;HÅN;S
ægte;SLÆ;S
ægtemand;SLÆ;S
ægteskab;"SLÆ;JUR;REL";S
ægteviv;SLÆ;S
ærbarhed;FØL;S
ære;"FØL;SAM";S
æreklæder;BEK;S
ærlighed;"FØL;HAN";S
æsel;FAU;S
æver;SØF;S
øjeblik;"KRO;HAN;SAN;TID";S
øjeled;KRO;S
øjenskalk;REL;S
øjentjener;SAM;S
øjentrøst;FLO;S
øjeæble;KRO;S
øjneflod;KRO;S
ønske;"FØL;HAN;KOG";S
ørefigen;HAN;S
ørs;"FAU;MIL";S
øse;HUS;S
øse;HÅN;S
øsken;HÅN;S
åbenbaring;"HAN;REL";S
årsag;HAN;S
ås;FAU;S
